,eid
0,1061708
1,1095103
2,1099090
3,1151912
4,1234880
5,1236238
6,1269242
7,1297128
8,1297827
9,1308375
10,1357141
11,1403208
12,1473477
13,1487267
14,1515524
15,1539561
16,1621594
17,1624599
18,1661730
19,1693584
20,1704302
21,1740041
22,1772336
23,1817406
24,1928639
25,1968394
26,1998583
27,2013247
28,2014693
29,2032967
30,2037725
31,2040372
32,2052327
33,2059273
34,2063991
35,2113950
36,2114389
37,2114428
38,2125217
39,2134087
40,2176787
41,2185521
42,2217687
43,2222055
44,2232498
45,2279446
46,2286658
47,2324940
48,2354978
49,2376982
50,2407352
51,2453816
52,2499772
53,2508967
54,2568237
55,2619084
56,2709077
57,2756457
58,2766061
59,2770052
60,2777182
61,2797166
62,2810897
63,2828875
64,2829204
65,2895515
66,2897096
67,2902809
68,2913659
69,2918316
70,2940538
71,2949532
72,2950145
73,2975983
74,3013029
75,3017199
76,3027439
77,3047686
78,3059649
79,3127383
80,3138177
81,3138347
82,3138927
83,3148049
84,3152354
85,3165839
86,3285127
87,3329043
88,3352490
89,3377560
90,3391743
91,3431726
92,3444921
93,3545374
94,3563791
95,3626428
96,3639418
97,3643841
98,3652959
99,3657155
100,3657474
101,3723722
102,3766660
103,3810607
104,3837978
105,3962547
106,4003934
107,4029290
108,4050716
109,4193827
110,4225382
111,4256266
112,4271999
113,4302342
114,4310201
115,4354005
116,4369906
117,4388617
118,4482397
119,4506059
120,4529814
121,4551957
122,4568190
123,4663328
124,4702512
125,4788065
126,4795987
127,4803982
128,4839202
129,4845524
130,4849551
131,4874742
132,4911286
133,4915102
134,4963682
135,4990329
136,5040553
137,5046142
138,5051226
139,5115471
140,5122206
141,5204225
142,5222981
143,5240578
144,5285193
145,5305362
146,5357124
147,5392615
148,5400473
149,5458206
150,5595501
151,5599429
152,5631284
153,5631325
154,5636339
155,5655161
156,5719385
157,5726330
158,5798283
159,5819417
160,5820676
161,5837557
162,5853934
163,5874729
164,5917449
165,5961923
166,5973733
167,5983029
168,5994609
169,6011968
0,1013109
1,1030512
2,1039246
3,1039962
4,1047762
5,1063295
6,1077291
7,1099656
8,1102729
9,1129806
10,1130410
11,1205696
12,1210845
13,1213157
14,1222547
15,1234880
16,1255829
17,1279292
18,1283991
19,1293870
20,1331808
21,1357013
22,1363872
23,1378632
24,1387712
25,1452937
26,1511179
27,1519331
28,1541388
29,1562148
30,1580372
31,1584314
32,1617696
33,1637573
34,1645238
35,1655691
36,1671105
37,1679755
38,1687116
39,1699217
40,1712081
41,1748565
42,1758217
43,1766904
44,1770600
45,1777801
46,1792650
47,1798229
48,1802999
49,1806021
50,1834995
51,1870084
52,1879233
53,1921803
54,1928750
55,1930748
56,1946875
57,1950369
58,1955404
59,1955430
60,1973398
61,1974285
62,1980529
63,1986199
64,2013247
65,2029703
66,2064496
67,2080571
68,2116454
69,2121336
70,2122763
71,2143598
72,2157988
73,2188108
74,2209186
75,2210320
76,2216749
77,2217582
78,2225880
79,2258199
80,2260656
81,2263890
82,2281548
83,2289963
84,2294566
85,2306782
86,2310384
87,2312378
88,2319844
89,2332056
90,2335656
91,2335906
92,2357278
93,2387241
94,2389432
95,2401284
96,2401458
97,2407204
98,2407298
99,2409012
100,2456947
101,2467679
102,2482338
103,2505277
104,2528793
105,2535858
106,2586845
107,2593068
108,2599614
109,2604564
110,2608675
111,2610552
112,2618327
113,2652787
114,2662386
115,2722190
116,2743469
117,2749841
118,2758440
119,2766061
120,2768024
121,2772071
122,2796409
123,2799075
124,2808528
125,2826611
126,2827018
127,2830317
128,2846328
129,2858900
130,2882709
131,2909435
132,2910864
133,2926265
134,2931899
135,2946235
136,2947215
137,2952965
138,2958638
139,3000614
140,3009865
141,3020451
142,3029897
143,3030022
144,3039105
145,3070055
146,3070165
147,3114956
148,3115885
149,3120620
150,3159979
151,3160061
152,3176312
153,3190677
154,3216546
155,3243044
156,3251876
157,3280682
158,3315197
159,3315524
160,3320403
161,3339456
162,3388373
163,3398854
164,3432117
165,3435012
166,3444921
167,3461158
168,3477504
169,3500676
170,3515301
171,3521393
172,3578940
173,3604195
174,3616210
175,3630267
176,3636747
177,3638576
178,3652761
179,3669771
180,3673902
181,3691246
182,3701558
183,3706681
184,3746661
185,3760187
186,3774820
187,3776270
188,3834166
189,3868963
190,3878368
191,3884097
192,3888504
193,3919698
194,3931471
195,3933601
196,3978960
197,4013295
198,4029529
199,4068471
200,4078383
201,4079988
202,4089431
203,4115679
204,4123124
205,4157120
206,4179212
207,4188280
208,4235147
209,4239411
210,4241462
211,4248101
212,4267022
213,4305241
214,4325754
215,4327218
216,4334828
217,4340869
218,4349386
219,4372055
220,4374654
221,4377795
222,4403546
223,4424160
224,4435049
225,4441180
226,4470333
227,4476928
228,4489304
229,4489769
230,4493654
231,4505031
232,4508027
233,4551957
234,4571705
235,4572984
236,4575801
237,4580849
238,4584350
239,4587383
240,4592758
241,4596683
242,4632649
243,4650501
244,4654492
245,4661216
246,4665200
247,4686708
248,4700910
249,4762916
250,4763015
251,4785639
252,4801566
253,4812066
254,4829144
255,4858475
256,4870522
257,4883070
258,4920046
259,4925463
260,4937826
261,4964890
262,4972461
263,4984356
264,5019810
265,5026210
266,5058249
267,5066633
268,5100615
269,5106683
270,5106726
271,5125401
272,5135718
273,5141948
274,5145495
275,5150193
276,5151169
277,5161967
278,5167576
279,5170549
280,5209342
281,5242242
282,5265502
283,5274265
284,5278777
285,5288064
286,5300517
287,5300532
288,5301821
289,5305362
290,5306162
291,5314547
292,5315104
293,5317122
294,5329450
295,5344937
296,5348774
297,5360037
298,5374436
299,5382981
300,5385360
301,5388606
302,5391854
303,5394525
304,5397732
305,5420100
306,5468536
307,5470352
308,5488211
309,5492767
310,5493461
311,5495451
312,5500812
313,5518822
314,5519103
315,5522556
316,5537106
317,5562921
318,5574535
319,5587149
320,5613775
321,5625537
322,5642342
323,5665178
324,5675377
325,5682547
326,5685904
327,5701439
328,5706587
329,5706737
330,5712751
331,5738272
332,5751613
333,5778188
334,5787160
335,5798855
336,5811273
337,5813455
338,5835925
339,5858123
340,5867372
341,5925341
342,5930273
343,5966239
344,5969443
345,5969781
346,5974876
347,6003075
348,6009377
349,6011011
350,6025364
0,1000223
1,1003206
2,1018646
3,1026538
4,1027949
5,1030177
6,1032156
7,1062323
8,1071382
9,1077291
10,1078325
11,1080890
12,1085458
13,1088847
14,1100930
15,1121627
16,1122074
17,1126034
18,1146491
19,1149754
20,1151912
21,1158721
22,1160638
23,1164702
24,1176468
25,1176699
26,1183958
27,1192347
28,1193560
29,1202277
30,1208808
31,1209539
32,1210845
33,1219365
34,1222921
35,1231300
36,1232385
37,1234880
38,1234950
39,1236238
40,1239413
41,1243091
42,1245332
43,1262794
44,1274970
45,1287851
46,1290310
47,1304020
48,1306247
49,1307063
50,1311675
51,1314216
52,1316110
53,1320002
54,1328539
55,1335333
56,1341255
57,1341959
58,1352795
59,1352820
60,1352851
61,1357141
62,1366583
63,1366913
64,1371653
65,1377193
66,1380041
67,1386430
68,1387712
69,1394789
70,1402610
71,1406349
72,1412553
73,1413436
74,1413901
75,1421622
76,1436456
77,1437687
78,1441936
79,1447292
80,1453576
81,1459575
82,1463111
83,1463239
84,1463593
85,1477521
86,1478101
87,1480179
88,1485467
89,1493725
90,1513550
91,1521197
92,1530892
93,1534855
94,1538226
95,1547949
96,1549803
97,1558448
98,1562002
99,1565079
100,1577963
101,1578011
102,1587229
103,1598966
104,1629635
105,1633940
106,1636100
107,1638303
108,1643332
109,1645238
110,1649510
111,1650685
112,1665656
113,1665855
114,1672922
115,1679856
116,1698682
117,1698743
118,1700189
119,1704920
120,1712462
121,1716089
122,1717955
123,1726605
124,1740606
125,1747190
126,1750145
127,1758512
128,1771530
129,1782355
130,1786240
131,1790405
132,1792282
133,1793663
134,1805039
135,1806086
136,1806535
137,1808344
138,1808639
139,1810655
140,1813902
141,1815662
142,1818997
143,1822044
144,1824168
145,1827575
146,1829202
147,1838308
148,1841933
149,1842419
150,1843281
151,1871325
152,1875349
153,1886793
154,1889574
155,1892610
156,1911536
157,1915783
158,1917659
159,1931856
160,1935335
161,1955746
162,1961615
163,1964881
164,1968343
165,1968625
166,1979078
167,1980801
168,1997573
169,2003597
170,2005923
171,2010850
172,2012540
173,2018508
174,2020121
175,2021140
176,2028833
177,2029143
178,2031308
179,2032006
180,2036015
181,2052405
182,2053888
183,2056440
184,2061142
185,2064663
186,2070700
187,2071807
188,2081687
189,2090026
190,2091278
191,2097482
192,2105910
193,2106788
194,2109192
195,2110573
196,2116214
197,2123172
198,2125097
199,2128767
200,2134488
201,2158410
202,2183534
203,2196048
204,2198141
205,2205677
206,2220936
207,2230560
208,2242288
209,2244555
210,2247573
211,2252452
212,2254808
213,2261970
214,2269143
215,2278162
216,2281548
217,2292299
218,2292855
219,2298738
220,2301443
221,2310384
222,2318107
223,2328516
224,2332060
225,2337886
226,2349543
227,2353498
228,2354978
229,2357941
230,2364639
231,2368673
232,2369312
233,2370125
234,2375209
235,2383227
236,2401284
237,2401458
238,2404867
239,2405642
240,2407298
241,2407367
242,2409773
243,2431090
244,2432202
245,2434136
246,2435765
247,2449487
248,2467944
249,2474679
250,2475346
251,2485816
252,2492859
253,2499512
254,2499772
255,2509443
256,2514387
257,2514731
258,2525447
259,2527637
260,2537729
261,2543707
262,2551362
263,2554621
264,2555833
265,2560592
266,2565296
267,2576003
268,2578726
269,2580677
270,2586537
271,2586760
272,2593448
273,2596260
274,2607363
275,2630052
276,2630186
277,2634152
278,2634442
279,2649538
280,2653976
281,2662790
282,2664979
283,2675348
284,2684885
285,2700311
286,2705280
287,2708966
288,2715748
289,2718719
290,2719227
291,2720992
292,2731035
293,2735064
294,2746523
295,2748769
296,2750785
297,2752809
298,2757548
299,2758440
300,2762661
301,2766061
302,2772071
303,2778928
304,2781201
305,2790290
306,2791988
307,2797811
308,2803908
309,2817130
310,2819973
311,2821597
312,2826611
313,2831868
314,2836287
315,2846068
316,2856679
317,2856849
318,2859811
319,2860433
320,2863222
321,2867272
322,2869755
323,2871936
324,2874201
325,2891808
326,2897969
327,2903292
328,2908087
329,2908570
330,2917338
331,2922747
332,2924741
333,2927660
334,2928698
335,2938029
336,2945799
337,2955492
338,2960900
339,2964921
340,2977479
341,2988417
342,2994682
343,2999880
344,3013517
345,3023527
346,3024132
347,3024749
348,3027617
349,3030022
350,3058090
351,3059896
352,3077596
353,3104720
354,3107116
355,3108739
356,3114956
357,3130174
358,3134854
359,3139124
360,3158334
361,3160061
362,3171925
363,3175373
364,3179325
365,3180633
366,3185151
367,3192235
368,3207596
369,3214990
370,3218837
371,3223631
372,3249321
373,3249482
374,3249880
375,3252158
376,3258175
377,3260054
378,3260188
379,3264125
380,3272069
381,3273240
382,3282007
383,3285844
384,3290218
385,3292893
386,3293454
387,3294603
388,3294861
389,3295439
390,3302694
391,3306393
392,3308649
393,3311333
394,3320576
395,3346993
396,3348088
397,3354740
398,3354901
399,3359406
400,3365454
401,3368987
402,3380043
403,3385418
404,3388373
405,3390757
406,3392869
407,3393243
408,3398112
409,3416308
410,3435012
411,3436888
412,3454774
413,3456530
414,3460925
415,3461597
416,3474896
417,3481232
418,3491834
419,3500035
420,3505030
421,3515301
422,3516268
423,3544762
424,3549052
425,3556821
426,3557494
427,3557734
428,3558096
429,3559514
430,3564065
431,3569856
432,3571294
433,3575371
434,3587360
435,3587784
436,3601975
437,3604195
438,3612433
439,3613111
440,3615905
441,3622012
442,3622145
443,3622513
444,3626428
445,3628616
446,3638576
447,3643233
448,3643766
449,3643841
450,3645255
451,3649073
452,3650555
453,3652761
454,3654036
455,3659086
456,3660510
457,3661932
458,3662709
459,3662881
460,3665927
461,3677661
462,3691592
463,3701346
464,3706931
465,3718427
466,3731074
467,3757051
468,3762883
469,3763215
470,3766732
471,3768054
472,3772474
473,3776249
474,3776975
475,3779090
476,3786538
477,3789930
478,3791118
479,3791427
480,3795435
481,3798513
482,3803996
483,3807700
484,3813179
485,3813395
486,3815682
487,3817745
488,3818864
489,3819024
490,3820241
491,3823160
492,3824377
493,3826402
494,3838290
495,3849781
496,3855696
497,3862079
498,3865041
499,3870587
500,3871627
501,3876097
502,3885087
503,3885557
504,3887779
505,3894681
506,3897679
507,3898254
508,3910542
509,3914272
510,3915780
511,3916485
512,3916584
513,3919698
514,3926030
515,3949319
516,3957438
517,3969378
518,3983485
519,3990995
520,3991414
521,3995413
522,4001187
523,4003934
524,4013295
525,4026706
526,4029529
527,4046320
528,4048596
529,4054439
530,4055502
531,4065196
532,4068471
533,4069375
534,4076324
535,4080801
536,4083416
537,4088827
538,4103947
539,4109245
540,4110150
541,4115679
542,4117340
543,4136209
544,4145525
545,4162435
546,4172683
547,4178912
548,4179212
549,4179910
550,4181237
551,4182379
552,4184404
553,4193827
554,4198947
555,4200093
556,4201179
557,4204716
558,4212338
559,4215454
560,4221012
561,4224693
562,4225127
563,4263195
564,4264197
565,4290509
566,4302342
567,4305241
568,4305583
569,4325754
570,4332038
571,4340628
572,4349891
573,4351482
574,4357353
575,4370907
576,4376405
577,4381952
578,4384906
579,4393432
580,4409015
581,4413831
582,4415168
583,4432862
584,4439195
585,4441180
586,4451871
587,4452427
588,4452648
589,4458836
590,4462075
591,4464289
592,4470703
593,4476325
594,4476928
595,4486478
596,4490075
597,4495830
598,4508770
599,4509019
600,4513789
601,4518411
602,4521049
603,4530657
604,4537714
605,4538550
606,4543429
607,4551957
608,4554481
609,4554659
610,4561074
611,4572711
612,4574717
613,4577300
614,4578557
615,4583534
616,4592852
617,4592923
618,4596032
619,4617870
620,4624208
621,4630263
622,4641511
623,4650167
624,4651975
625,4652863
626,4659154
627,4659375
628,4663731
629,4667519
630,4669212
631,4678266
632,4682214
633,4689579
634,4693370
635,4693992
636,4696286
637,4725884
638,4726975
639,4734989
640,4749820
641,4750702
642,4751714
643,4758484
644,4763806
645,4774503
646,4778729
647,4780157
648,4780912
649,4783890
650,4788065
651,4795928
652,4803959
653,4805823
654,4807248
655,4807719
656,4808821
657,4812066
658,4815894
659,4823569
660,4830107
661,4833180
662,4835388
663,4837023
664,4837218
665,4839818
666,4841539
667,4849939
668,4852422
669,4858475
670,4861754
671,4863248
672,4871167
673,4883519
674,4885099
675,4904248
676,4904457
677,4906642
678,4917548
679,4937763
680,4938175
681,4941999
682,4946914
683,4950955
684,4955331
685,4961266
686,4968091
687,4970025
688,4982167
689,4993492
690,5005442
691,5006784
692,5007312
693,5016493
694,5019116
695,5022097
696,5026210
697,5026450
698,5032596
699,5033901
700,5044051
701,5051226
702,5058903
703,5066633
704,5072856
705,5089630
706,5090522
707,5098752
708,5106683
709,5107993
710,5111352
711,5114104
712,5114822
713,5128476
714,5130577
715,5141948
716,5152638
717,5161107
718,5170648
719,5174525
720,5176721
721,5178239
722,5181232
723,5184132
724,5193104
725,5193701
726,5194952
727,5200651
728,5218129
729,5218508
730,5219277
731,5237162
732,5239996
733,5240578
734,5258244
735,5268485
736,5270275
737,5276425
738,5280703
739,5281660
740,5284615
741,5284731
742,5302097
743,5305362
744,5311805
745,5316213
746,5321034
747,5324472
748,5335144
749,5347983
750,5372608
751,5378542
752,5379713
753,5382666
754,5387902
755,5391854
756,5394525
757,5396684
758,5409825
759,5411320
760,5412532
761,5434260
762,5441022
763,5451232
764,5456924
765,5461396
766,5463899
767,5464037
768,5464221
769,5470191
770,5475638
771,5496701
772,5500561
773,5503633
774,5506166
775,5517030
776,5525896
777,5551513
778,5553552
779,5557411
780,5562921
781,5563425
782,5564845
783,5570429
784,5572472
785,5584670
786,5593854
787,5600854
788,5609213
789,5631113
790,5638547
791,5639615
792,5640366
793,5642342
794,5645375
795,5648006
796,5648387
797,5648731
798,5651742
799,5654884
800,5658546
801,5662020
802,5669689
803,5674541
804,5682080
805,5683491
806,5686571
807,5688687
808,5692072
809,5695222
810,5701439
811,5702156
812,5703813
813,5704354
814,5713861
815,5731682
816,5733285
817,5739862
818,5742978
819,5748753
820,5751613
821,5754029
822,5758659
823,5760398
824,5760755
825,5763738
826,5766903
827,5768839
828,5769523
829,5775752
830,5800014
831,5804418
832,5804466
833,5808824
834,5809510
835,5809545
836,5822555
837,5827108
838,5832956
839,5834148
840,5852213
841,5861336
842,5862261
843,5863509
844,5879736
845,5893343
846,5895792
847,5897551
848,5913959
849,5925341
850,5926537
851,5928758
852,5955156
853,5958324
854,5958926
855,5961923
856,5966239
857,5967502
858,5972019
859,5972663
860,5973647
861,5978042
862,5982418
863,5990670
864,5993560
865,6001875
866,6003011
867,6010308
0,1000223
1,1008539
2,1013851
3,1025342
4,1026354
5,1028265
6,1030701
7,1032695
8,1033492
9,1036189
10,1036932
11,1037950
12,1039246
13,1042611
14,1044889
15,1046869
16,1052036
17,1082938
18,1092363
19,1093553
20,1094618
21,1096463
22,1101061
23,1101553
24,1104608
25,1116695
26,1117603
27,1121006
28,1122074
29,1128875
30,1129806
31,1139871
32,1148621
33,1154110
34,1156445
35,1160638
36,1162974
37,1165259
38,1166310
39,1177993
40,1181850
41,1183958
42,1185159
43,1188430
44,1195891
45,1197154
46,1198359
47,1205766
48,1205938
49,1210845
50,1213157
51,1218043
52,1219451
53,1221064
54,1221522
55,1223079
56,1228985
57,1234880
58,1234950
59,1236238
60,1240427
61,1247133
62,1247541
63,1249331
64,1259937
65,1260045
66,1262948
67,1266987
68,1267921
69,1269242
70,1270868
71,1277158
72,1279292
73,1281612
74,1283991
75,1287851
76,1288437
77,1290008
78,1295734
79,1304578
80,1305066
81,1315434
82,1315623
83,1316145
84,1321442
85,1329407
86,1332874
87,1334824
88,1334998
89,1335395
90,1335854
91,1338246
92,1338921
93,1343364
94,1354227
95,1357013
96,1357141
97,1361287
98,1370829
99,1378306
100,1378632
101,1386430
102,1388090
103,1391936
104,1397142
105,1404276
106,1407528
107,1407706
108,1413901
109,1420236
110,1424240
111,1428197
112,1434031
113,1441936
114,1448594
115,1450618
116,1455280
117,1462611
118,1465588
119,1467176
120,1467599
121,1468139
122,1472796
123,1482909
124,1484393
125,1487451
126,1487914
127,1493473
128,1497244
129,1498823
130,1501594
131,1512432
132,1513518
133,1513658
134,1519254
135,1520066
136,1521821
137,1522940
138,1527583
139,1532256
140,1540099
141,1547518
142,1551799
143,1553754
144,1556630
145,1558214
146,1559323
147,1560725
148,1565208
149,1566670
150,1566896
151,1567373
152,1567408
153,1571942
154,1573161
155,1574667
156,1577954
157,1580372
158,1581839
159,1593716
160,1595611
161,1598540
162,1598669
163,1600206
164,1603138
165,1605746
166,1607487
167,1609107
168,1610942
169,1611587
170,1621470
171,1629261
172,1630854
173,1630929
174,1635554
175,1636833
176,1637316
177,1638389
178,1640954
179,1649618
180,1651324
181,1653615
182,1653859
183,1657497
184,1664036
185,1665855
186,1668988
187,1670874
188,1671105
189,1685967
190,1695098
191,1702634
192,1702825
193,1713712
194,1718610
195,1719671
196,1731652
197,1736043
198,1737852
199,1748108
200,1748447
201,1748920
202,1754260
203,1757348
204,1761336
205,1764547
206,1767068
207,1769764
208,1776023
209,1776972
210,1777622
211,1777726
212,1786240
213,1790075
214,1791153
215,1793663
216,1801625
217,1805039
218,1816205
219,1819440
220,1826674
221,1832157
222,1832364
223,1834995
224,1838143
225,1842419
226,1849984
227,1850691
228,1853468
229,1862499
230,1862895
231,1868378
232,1874998
233,1876881
234,1879020
235,1883727
236,1884011
237,1885674
238,1885742
239,1887798
240,1890808
241,1891879
242,1891913
243,1892658
244,1893387
245,1898565
246,1899342
247,1909572
248,1914568
249,1921147
250,1925762
251,1929398
252,1930748
253,1931171
254,1934434
255,1935335
256,1935804
257,1938445
258,1946875
259,1950777
260,1953189
261,1955746
262,1966787
263,1968343
264,1970982
265,1972043
266,1983314
267,1986199
268,1986425
269,1989842
270,1992095
271,1993902
272,1994037
273,1997017
274,1997700
275,1998180
276,2000004
277,2001583
278,2003639
279,2005923
280,2006498
281,2007288
282,2008504
283,2011615
284,2013247
285,2014660
286,2014693
287,2016787
288,2031308
289,2038768
290,2040372
291,2051991
292,2056131
293,2058201
294,2058738
295,2059126
296,2061004
297,2068080
298,2068914
299,2069952
300,2071807
301,2081327
302,2088708
303,2088795
304,2089320
305,2090026
306,2091609
307,2095064
308,2097880
309,2104360
310,2106788
311,2110573
312,2113386
313,2113430
314,2117609
315,2120241
316,2125988
317,2127448
318,2128287
319,2128767
320,2129023
321,2135482
322,2136834
323,2138091
324,2143121
325,2147022
326,2148989
327,2150687
328,2158410
329,2164128
330,2164446
331,2166117
332,2170264
333,2170743
334,2170751
335,2176787
336,2178736
337,2180956
338,2182529
339,2186703
340,2196048
341,2204259
342,2206122
343,2216125
344,2217582
345,2223175
346,2241302
347,2250728
348,2253121
349,2257527
350,2258199
351,2258903
352,2263890
353,2288078
354,2292968
355,2293119
356,2296242
357,2297990
358,2300516
359,2304361
360,2306438
361,2309256
362,2311184
363,2315277
364,2325129
365,2328299
366,2338953
367,2339358
368,2341370
369,2346647
370,2353498
371,2354148
372,2354978
373,2355659
374,2359628
375,2360074
376,2364792
377,2368714
378,2370522
379,2384521
380,2385863
381,2385918
382,2389208
383,2391578
384,2391898
385,2393503
386,2393796
387,2395860
388,2398904
389,2399460
390,2401458
391,2401753
392,2405007
393,2407346
394,2409012
395,2409773
396,2411909
397,2415263
398,2415449
399,2419643
400,2419886
401,2427549
402,2429447
403,2430308
404,2430626
405,2431340
406,2433822
407,2434581
408,2435662
409,2437661
410,2440519
411,2444011
412,2444466
413,2449487
414,2449574
415,2455632
416,2458299
417,2468384
418,2472782
419,2475346
420,2475510
421,2475522
422,2479835
423,2485688
424,2492640
425,2500217
426,2502580
427,2508417
428,2514158
429,2515172
430,2518117
431,2521403
432,2525447
433,2525598
434,2525754
435,2531124
436,2532619
437,2536320
438,2537372
439,2537480
440,2538143
441,2540530
442,2541377
443,2549966
444,2563564
445,2565469
446,2565768
447,2568686
448,2576582
449,2582045
450,2584725
451,2588488
452,2595019
453,2609296
454,2610126
455,2615595
456,2619084
457,2623635
458,2623912
459,2630780
460,2631518
461,2631893
462,2636922
463,2638993
464,2648362
465,2650047
466,2657027
467,2662386
468,2668916
469,2670889
470,2671746
471,2678215
472,2684733
473,2687736
474,2690256
475,2691236
476,2692743
477,2694068
478,2698599
479,2699959
480,2700027
481,2702089
482,2703983
483,2704828
484,2706508
485,2706811
486,2710924
487,2716054
488,2726023
489,2730927
490,2734292
491,2734332
492,2735770
493,2740621
494,2742457
495,2745395
496,2747148
497,2748406
498,2749602
499,2749766
500,2756254
501,2760474
502,2760857
503,2763639
504,2763747
505,2766061
506,2780846
507,2784853
508,2787979
509,2790290
510,2791701
511,2794843
512,2795873
513,2796409
514,2799302
515,2799429
516,2803908
517,2804206
518,2804983
519,2806981
520,2808829
521,2809331
522,2811196
523,2821597
524,2826611
525,2827018
526,2829117
527,2829204
528,2833295
529,2833463
530,2837501
531,2839910
532,2842849
533,2847846
534,2849121
535,2852271
536,2855268
537,2855614
538,2856363
539,2856461
540,2861087
541,2862509
542,2877928
543,2887500
544,2889524
545,2889833
546,2894811
547,2901903
548,2903567
549,2908087
550,2909666
551,2913866
552,2918316
553,2918607
554,2927660
555,2929940
556,2930017
557,2931177
558,2932004
559,2937453
560,2940538
561,2941338
562,2947818
563,2950360
564,2950967
565,2953969
566,2961469
567,2964377
568,2967344
569,2968137
570,2980254
571,2982050
572,2983450
573,2988823
574,2991009
575,2991341
576,2994190
577,2995409
578,2996839
579,3000563
580,3004150
581,3006388
582,3006396
583,3009816
584,3011991
585,3016343
586,3017199
587,3022546
588,3023880
589,3025497
590,3026068
591,3033470
592,3041640
593,3055745
594,3059403
595,3071184
596,3072662
597,3079171
598,3081140
599,3082027
600,3083269
601,3085409
602,3086300
603,3087728
604,3088928
605,3089045
606,3089540
607,3094220
608,3098572
609,3106864
610,3112144
611,3115885
612,3116616
613,3116850
614,3122518
615,3123627
616,3126010
617,3129452
618,3129945
619,3130174
620,3130463
621,3130597
622,3134854
623,3140192
624,3143323
625,3160061
626,3160194
627,3163225
628,3165839
629,3169691
630,3175772
631,3176941
632,3185832
633,3190677
634,3192767
635,3196408
636,3199770
637,3202576
638,3204739
639,3205419
640,3207596
641,3211075
642,3225302
643,3228807
644,3233730
645,3244519
646,3245319
647,3247078
648,3247836
649,3253962
650,3258175
651,3266454
652,3269687
653,3272254
654,3278009
655,3280442
656,3280682
657,3285127
658,3285661
659,3293639
660,3301652
661,3303929
662,3305751
663,3312051
664,3313238
665,3315197
666,3315524
667,3316027
668,3319638
669,3320525
670,3328080
671,3329335
672,3331513
673,3331731
674,3331773
675,3334855
676,3337220
677,3341339
678,3342884
679,3344526
680,3348851
681,3349343
682,3356049
683,3358161
684,3364361
685,3365454
686,3367276
687,3374495
688,3374845
689,3379446
690,3385776
691,3388373
692,3394661
693,3398179
694,3398854
695,3400085
696,3400664
697,3402166
698,3410901
699,3417785
700,3418283
701,3422490
702,3430186
703,3430834
704,3432721
705,3435639
706,3444921
707,3451589
708,3458437
709,3459145
710,3460544
711,3461051
712,3466331
713,3466728
714,3473797
715,3474871
716,3484629
717,3488490
718,3490465
719,3490571
720,3493585
721,3493646
722,3495050
723,3497127
724,3500281
725,3504554
726,3507693
727,3509772
728,3512507
729,3517512
730,3530348
731,3533640
732,3536966
733,3537818
734,3540063
735,3553543
736,3560902
737,3560971
738,3562411
739,3562670
740,3569316
741,3572691
742,3576188
743,3580536
744,3581641
745,3584547
746,3585276
747,3587043
748,3593227
749,3593794
750,3595404
751,3603391
752,3610827
753,3612433
754,3614337
755,3617367
756,3617969
757,3620312
758,3623995
759,3626148
760,3628616
761,3638657
762,3638907
763,3640685
764,3643233
765,3649031
766,3650792
767,3652761
768,3653040
769,3659086
770,3661544
771,3666904
772,3667319
773,3671748
774,3680408
775,3682193
776,3683943
777,3684643
778,3685039
779,3693488
780,3699010
781,3702164
782,3702196
783,3709839
784,3711639
785,3716373
786,3720108
787,3721479
788,3721531
789,3721835
790,3726206
791,3727280
792,3728620
793,3729992
794,3731074
795,3733860
796,3745170
797,3752693
798,3756676
799,3763215
800,3765477
801,3771276
802,3772155
803,3779090
804,3780333
805,3781897
806,3782481
807,3785657
808,3791439
809,3792716
810,3801906
811,3807700
812,3817514
813,3821152
814,3822067
815,3834093
816,3834281
817,3836937
818,3852631
819,3853654
820,3856475
821,3864018
822,3865041
823,3870991
824,3874582
825,3877050
826,3878368
827,3879154
828,3882592
829,3884097
830,3884462
831,3884756
832,3885890
833,3886564
834,3906200
835,3913311
836,3914143
837,3914498
838,3922698
839,3925031
840,3926643
841,3933089
842,3935282
843,3952185
844,3954644
845,3955316
846,3959583
847,3961900
848,3965680
849,3982480
850,3986040
851,3987660
852,3987943
853,3992499
854,3993775
855,4002982
856,4004386
857,4005364
858,4036066
859,4039600
860,4039655
861,4051956
862,4054320
863,4056826
864,4058742
865,4058778
866,4065289
867,4067243
868,4071308
869,4072830
870,4078383
871,4087998
872,4094387
873,4103947
874,4104053
875,4106747
876,4107774
877,4110166
878,4110278
879,4112094
880,4114313
881,4115679
882,4117340
883,4121229
884,4122728
885,4125386
886,4125876
887,4136209
888,4136988
889,4137974
890,4142698
891,4143735
892,4147734
893,4157120
894,4159025
895,4174034
896,4178516
897,4179212
898,4180183
899,4181907
900,4184314
901,4184370
902,4185114
903,4186091
904,4186505
905,4201287
906,4209225
907,4212338
908,4215865
909,4217414
910,4217603
911,4225076
912,4230590
913,4235889
914,4236931
915,4241953
916,4248101
917,4259889
918,4263388
919,4264155
920,4265460
921,4267022
922,4267099
923,4271999
924,4272028
925,4280375
926,4283532
927,4290741
928,4298505
929,4302342
930,4305241
931,4308924
932,4309054
933,4312310
934,4325222
935,4327218
936,4330618
937,4331227
938,4342647
939,4348857
940,4350060
941,4354005
942,4382984
943,4384687
944,4384906
945,4391934
946,4392769
947,4392844
948,4393903
949,4397623
950,4398985
951,4401051
952,4402678
953,4403546
954,4412719
955,4421482
956,4422578
957,4431042
958,4432862
959,4433007
960,4439299
961,4442494
962,4443640
963,4449144
964,4449907
965,4450094
966,4450417
967,4450903
968,4455912
969,4462075
970,4463128
971,4466234
972,4467841
973,4468724
974,4470477
975,4475489
976,4476325
977,4476928
978,4478837
979,4482563
980,4488335
981,4494932
982,4495766
983,4497899
984,4505670
985,4506059
986,4509916
987,4518243
988,4530092
989,4532433
990,4533497
991,4535007
992,4538661
993,4544205
994,4549080
995,4561973
996,4571705
997,4580292
998,4586539
999,4592824
1000,4592852
1001,4601535
1002,4605449
1003,4606200
1004,4616914
1005,4617702
1006,4617870
1007,4622501
1008,4623263
1009,4629343
1010,4638107
1011,4641546
1012,4642810
1013,4650616
1014,4652404
1015,4653727
1016,4655819
1017,4655872
1018,4659367
1019,4662933
1020,4663328
1021,4663705
1022,4663731
1023,4665200
1024,4665379
1025,4668046
1026,4673118
1027,4675079
1028,4678612
1029,4685100
1030,4686631
1031,4687523
1032,4688587
1033,4688659
1034,4689280
1035,4692436
1036,4692862
1037,4693370
1038,4695227
1039,4700910
1040,4715449
1041,4724154
1042,4724401
1043,4725884
1044,4726975
1045,4736643
1046,4738812
1047,4745032
1048,4745949
1049,4750702
1050,4752636
1051,4760409
1052,4762060
1053,4769358
1054,4773582
1055,4781494
1056,4783707
1057,4784049
1058,4786156
1059,4798980
1060,4800162
1061,4801645
1062,4807248
1063,4807457
1064,4807719
1065,4810392
1066,4811394
1067,4813207
1068,4814796
1069,4815684
1070,4818425
1071,4819933
1072,4826120
1073,4827932
1074,4848138
1075,4848288
1076,4849104
1077,4853905
1078,4857147
1079,4860655
1080,4861089
1081,4869281
1082,4875276
1083,4878931
1084,4883152
1085,4895054
1086,4897128
1087,4905846
1088,4911037
1089,4913589
1090,4913857
1091,4919176
1092,4934172
1093,4937826
1094,4945315
1095,4947993
1096,4949124
1097,4949831
1098,4950955
1099,4958947
1100,4968091
1101,4969335
1102,4970382
1103,4970658
1104,4971392
1105,4972862
1106,4973314
1107,4993492
1108,4999622
1109,5002612
1110,5003891
1111,5006975
1112,5015332
1113,5015727
1114,5019611
1115,5020279
1116,5020334
1117,5025007
1118,5025194
1119,5026210
1120,5027708
1121,5030556
1122,5030698
1123,5034258
1124,5036318
1125,5038213
1126,5039241
1127,5041672
1128,5048843
1129,5048969
1130,5052128
1131,5052452
1132,5058006
1133,5058491
1134,5062955
1135,5063508
1136,5066084
1137,5066633
1138,5067209
1139,5067331
1140,5070987
1141,5073161
1142,5082586
1143,5086420
1144,5086844
1145,5097534
1146,5098137
1147,5098752
1148,5102105
1149,5102846
1150,5111352
1151,5112700
1152,5119220
1153,5129674
1154,5135542
1155,5140282
1156,5150193
1157,5151100
1158,5156754
1159,5159823
1160,5166329
1161,5170648
1162,5173323
1163,5179457
1164,5181883
1165,5200651
1166,5204225
1167,5206256
1168,5209342
1169,5212083
1170,5212905
1171,5213499
1172,5214011
1173,5215032
1174,5218044
1175,5218368
1176,5220114
1177,5220541
1178,5220687
1179,5225816
1180,5231947
1181,5233420
1182,5233769
1183,5237162
1184,5249469
1185,5256147
1186,5258825
1187,5265308
1188,5267885
1189,5268406
1190,5269653
1191,5269766
1192,5277464
1193,5278285
1194,5278452
1195,5278475
1196,5281492
1197,5282535
1198,5285193
1199,5286944
1200,5289533
1201,5296358
1202,5296604
1203,5302646
1204,5305362
1205,5312089
1206,5314547
1207,5317417
1208,5318697
1209,5321433
1210,5321495
1211,5323256
1212,5326270
1213,5326480
1214,5330571
1215,5337769
1216,5337828
1217,5341409
1218,5341602
1219,5343637
1220,5343715
1221,5345921
1222,5348774
1223,5355385
1224,5360417
1225,5361313
1226,5365492
1227,5369948
1228,5371722
1229,5372608
1230,5382154
1231,5391854
1232,5396684
1233,5396894
1234,5398057
1235,5405946
1236,5409404
1237,5410822
1238,5411320
1239,5417539
1240,5418085
1241,5418578
1242,5422742
1243,5424971
1244,5425889
1245,5429279
1246,5437247
1247,5437332
1248,5451217
1249,5456924
1250,5458206
1251,5465958
1252,5474275
1253,5476846
1254,5484654
1255,5485703
1256,5485775
1257,5486339
1258,5488359
1259,5493391
1260,5503670
1261,5510750
1262,5511342
1263,5511381
1264,5517205
1265,5533340
1266,5542988
1267,5545058
1268,5553552
1269,5554353
1270,5554869
1271,5563784
1272,5565710
1273,5565811
1274,5571171
1275,5573394
1276,5575898
1277,5579120
1278,5584670
1279,5587149
1280,5588866
1281,5593950
1282,5594216
1283,5599429
1284,5600194
1285,5601504
1286,5608493
1287,5609533
1288,5614148
1289,5618509
1290,5619878
1291,5629231
1292,5630662
1293,5631113
1294,5640543
1295,5643133
1296,5647314
1297,5648006
1298,5650011
1299,5660269
1300,5661809
1301,5663246
1302,5668544
1303,5669392
1304,5672321
1305,5681561
1306,5681942
1307,5685632
1308,5695222
1309,5703813
1310,5706892
1311,5712751
1312,5719385
1313,5720640
1314,5725672
1315,5742978
1316,5747953
1317,5748363
1318,5750774
1319,5754029
1320,5756599
1321,5758659
1322,5760566
1323,5760755
1324,5765014
1325,5767521
1326,5768839
1327,5773925
1328,5780884
1329,5783679
1330,5801432
1331,5802498
1332,5804418
1333,5804466
1334,5813455
1335,5814337
1336,5829939
1337,5832956
1338,5837255
1339,5837654
1340,5838777
1341,5842115
1342,5846022
1343,5847345
1344,5854308
1345,5860599
1346,5864451
1347,5871157
1348,5880217
1349,5880646
1350,5883780
1351,5886850
1352,5890121
1353,5892472
1354,5896268
1355,5908189
1356,5912040
1357,5925341
1358,5928464
1359,5933640
1360,5939156
1361,5940080
1362,5940610
1363,5940957
1364,5946823
1365,5954174
1366,5962888
1367,5967179
1368,5967502
1369,5983446
1370,5985329
1371,5990193
1372,5992457
1373,5993426
1374,5994609
1375,5996327
1376,5996748
1377,6003559
1378,6004422
1379,6007515
1380,6011635
1381,6013414
1382,6021212
0,1008539
1,1010542
2,1016127
3,1025342
4,1034030
5,1036712
6,1044889
7,1059879
8,1060679
9,1061428
10,1068114
11,1076084
12,1078325
13,1081697
14,1085919
15,1092380
16,1093553
17,1094456
18,1096463
19,1102513
20,1104608
21,1105849
22,1107791
23,1110388
24,1117603
25,1121006
26,1122074
27,1126034
28,1130410
29,1137659
30,1149628
31,1154110
32,1162206
33,1162251
34,1167746
35,1171084
36,1173926
37,1175813
38,1177993
39,1183156
40,1188430
41,1205938
42,1219365
43,1221522
44,1223079
45,1228985
46,1232385
47,1233733
48,1234880
49,1244005
50,1262948
51,1264718
52,1266987
53,1268812
54,1269242
55,1270868
56,1284889
57,1286826
58,1287708
59,1287851
60,1295734
61,1301195
62,1311883
63,1315434
64,1321442
65,1327990
66,1332874
67,1334824
68,1338246
69,1340276
70,1346008
71,1357042
72,1365082
73,1372308
74,1373407
75,1387712
76,1391936
77,1408541
78,1410593
79,1412655
80,1415188
81,1415323
82,1417031
83,1420011
84,1420236
85,1424240
86,1441936
87,1444106
88,1448594
89,1450618
90,1459575
91,1463111
92,1464803
93,1467176
94,1468139
95,1478621
96,1479283
97,1487914
98,1489060
99,1493473
100,1498823
101,1501594
102,1501902
103,1513518
104,1515273
105,1519254
106,1521821
107,1526353
108,1540502
109,1540697
110,1550232
111,1553431
112,1555583
113,1558448
114,1562487
115,1565208
116,1573161
117,1575150
118,1582586
119,1599023
120,1600554
121,1603358
122,1605600
123,1607487
124,1608835
125,1609107
126,1629261
127,1635554
128,1638223
129,1645238
130,1649346
131,1653615
132,1653859
133,1657497
134,1664036
135,1670874
136,1671105
137,1678257
138,1692773
139,1702634
140,1702825
141,1704011
142,1706291
143,1713336
144,1713682
145,1717955
146,1718610
147,1732483
148,1732993
149,1737852
150,1742091
151,1747980
152,1748108
153,1748447
154,1758331
155,1761336
156,1770790
157,1773760
158,1776972
159,1786909
160,1787058
161,1788946
162,1793663
163,1796922
164,1804231
165,1805868
166,1810349
167,1812884
168,1816205
169,1819044
170,1819440
171,1832157
172,1835940
173,1840656
174,1841933
175,1842419
176,1845627
177,1847217
178,1849984
179,1853468
180,1873111
181,1879020
182,1883727
183,1885674
184,1885742
185,1887798
186,1892171
187,1892658
188,1893747
189,1893882
190,1898565
191,1910181
192,1924637
193,1929398
194,1931171
195,1938445
196,1948036
197,1955746
198,1966198
199,1966787
200,1970982
201,1973091
202,1984277
203,1986425
204,1988172
205,1989842
206,1989979
207,1993902
208,1996218
209,1997017
210,1998180
211,2001583
212,2007288
213,2008504
214,2012966
215,2013247
216,2014660
217,2014693
218,2020157
219,2026403
220,2032555
221,2033592
222,2040372
223,2048551
224,2050629
225,2051991
226,2062291
227,2063167
228,2068080
229,2068607
230,2068914
231,2073789
232,2078285
233,2081327
234,2088708
235,2090026
236,2097482
237,2097880
238,2100151
239,2105910
240,2113386
241,2113430
242,2120241
243,2128061
244,2152934
245,2157988
246,2164983
247,2166117
248,2170264
249,2179969
250,2183903
251,2184280
252,2185521
253,2190094
254,2190257
255,2192533
256,2196995
257,2198182
258,2200995
259,2201728
260,2204259
261,2212731
262,2219373
263,2223884
264,2224269
265,2241302
266,2250735
267,2253121
268,2258199
269,2258903
270,2269966
271,2288078
272,2296242
273,2300516
274,2300937
275,2302507
276,2306438
277,2317775
278,2328299
279,2341370
280,2346456
281,2346647
282,2349305
283,2349543
284,2354978
285,2355659
286,2379771
287,2384521
288,2385918
289,2393771
290,2397798
291,2398904
292,2405007
293,2408267
294,2409773
295,2413649
296,2415449
297,2419643
298,2423308
299,2429628
300,2430308
301,2444011
302,2446225
303,2453816
304,2458299
305,2466636
306,2470421
307,2478161
308,2479289
309,2479781
310,2483977
311,2485688
312,2488960
313,2493196
314,2495016
315,2500217
316,2501875
317,2501904
318,2508417
319,2518117
320,2520122
321,2525447
322,2536320
323,2537372
324,2537990
325,2540826
326,2541377
327,2543707
328,2549966
329,2553819
330,2563260
331,2563564
332,2576195
333,2582045
334,2584725
335,2594543
336,2596260
337,2597481
338,2599614
339,2616711
340,2617847
341,2629479
342,2634049
343,2636922
344,2638993
345,2640460
346,2641980
347,2662386
348,2668281
349,2670889
350,2671746
351,2673341
352,2685873
353,2690256
354,2692743
355,2703279
356,2703983
357,2706508
358,2706811
359,2707784
360,2710924
361,2715121
362,2716529
363,2729044
364,2729320
365,2729521
366,2740397
367,2740621
368,2742457
369,2746114
370,2747148
371,2749841
372,2753590
373,2756254
374,2757548
375,2759352
376,2760474
377,2762359
378,2763747
379,2766061
380,2768024
381,2780846
382,2784576
383,2796409
384,2800060
385,2802122
386,2804983
387,2805348
388,2817130
389,2829204
390,2833295
391,2834793
392,2836600
393,2837501
394,2840091
395,2849195
396,2861087
397,2864126
398,2876584
399,2878055
400,2880605
401,2887500
402,2894811
403,2903292
404,2908087
405,2909027
406,2929902
407,2929940
408,2937453
409,2944624
410,2946235
411,2947818
412,2955492
413,2960282
414,2967344
415,2968137
416,2970992
417,2979184
418,2982475
419,2983450
420,2991341
421,3000563
422,3004150
423,3006396
424,3007647
425,3009705
426,3011991
427,3013047
428,3027439
429,3028670
430,3033470
431,3050178
432,3055166
433,3055811
434,3056880
435,3071379
436,3075666
437,3080170
438,3083269
439,3084528
440,3084976
441,3089441
442,3094220
443,3098572
444,3116399
445,3116442
446,3122518
447,3129945
448,3130174
449,3130597
450,3134022
451,3139963
452,3143323
453,3150734
454,3153260
455,3163772
456,3165839
457,3166197
458,3167485
459,3169691
460,3172920
461,3173871
462,3174091
463,3175772
464,3176941
465,3187180
466,3196408
467,3198852
468,3205419
469,3207596
470,3208094
471,3215840
472,3216685
473,3219707
474,3223561
475,3229322
476,3233730
477,3234734
478,3238137
479,3243087
480,3247078
481,3248483
482,3258175
483,3269687
484,3269725
485,3273240
486,3280049
487,3281526
488,3285127
489,3295234
490,3302309
491,3309968
492,3310533
493,3313063
494,3315197
495,3320403
496,3325752
497,3329335
498,3331513
499,3332931
500,3334855
501,3341339
502,3342665
503,3352871
504,3355096
505,3365454
506,3373448
507,3374845
508,3375557
509,3376724
510,3381073
511,3384973
512,3394661
513,3400664
514,3402166
515,3410685
516,3414026
517,3421035
518,3423353
519,3427863
520,3430834
521,3435012
522,3435639
523,3438178
524,3439973
525,3444921
526,3447085
527,3448809
528,3450355
529,3451142
530,3454998
531,3456353
532,3460544
533,3473797
534,3477601
535,3479449
536,3484629
537,3488621
538,3490880
539,3493585
540,3493646
541,3505715
542,3507693
543,3508630
544,3517512
545,3518284
546,3524283
547,3524353
548,3527704
549,3533335
550,3533640
551,3537413
552,3543099
553,3551114
554,3552665
555,3561982
556,3562397
557,3569856
558,3571591
559,3572427
560,3572691
561,3603606
562,3604516
563,3606772
564,3615357
565,3621905
566,3626148
567,3626770
568,3632059
569,3635400
570,3636747
571,3640685
572,3642957
573,3643233
574,3649031
575,3652761
576,3655985
577,3659086
578,3660064
579,3661544
580,3666904
581,3667319
582,3667360
583,3669325
584,3671748
585,3672501
586,3682193
587,3684643
588,3693488
589,3702164
590,3702196
591,3703295
592,3708038
593,3714763
594,3715683
595,3717591
596,3721835
597,3731007
598,3733860
599,3746661
600,3746819
601,3763215
602,3772155
603,3772796
604,3779090
605,3789427
606,3789774
607,3790165
608,3790331
609,3792716
610,3801628
611,3803506
612,3804975
613,3807700
614,3823657
615,3834093
616,3836937
617,3852631
618,3853654
619,3860557
620,3871841
621,3874582
622,3877050
623,3878368
624,3879154
625,3882592
626,3884462
627,3897679
628,3913311
629,3921302
630,3922698
631,3923939
632,3925031
633,3939289
634,3939683
635,3941181
636,3944402
637,3955316
638,3960309
639,3961900
640,3966099
641,3982286
642,3987660
643,3987943
644,3988307
645,3992126
646,3994230
647,4001334
648,4005207
649,4006921
650,4017544
651,4036066
652,4039655
653,4051956
654,4053698
655,4057298
656,4057472
657,4062083
658,4063788
659,4067243
660,4071308
661,4087998
662,4091340
663,4094387
664,4097365
665,4097645
666,4098733
667,4098885
668,4115679
669,4117340
670,4125876
671,4136209
672,4137220
673,4137974
674,4138736
675,4141011
676,4142698
677,4144747
678,4146041
679,4148191
680,4156413
681,4159025
682,4163965
683,4169809
684,4174034
685,4181907
686,4184767
687,4185114
688,4186505
689,4190444
690,4193084
691,4195845
692,4206191
693,4210431
694,4212338
695,4215865
696,4220383
697,4230590
698,4234603
699,4235889
700,4238024
701,4242205
702,4248101
703,4265757
704,4271999
705,4272663
706,4281062
707,4282396
708,4285414
709,4286297
710,4290047
711,4290741
712,4293175
713,4294496
714,4297618
715,4302092
716,4309054
717,4310201
718,4312310
719,4314975
720,4316016
721,4325222
722,4327218
723,4330618
724,4332780
725,4333334
726,4335486
727,4338626
728,4366859
729,4374890
730,4382984
731,4384687
732,4393903
733,4399896
734,4413175
735,4421482
736,4431042
737,4432862
738,4433539
739,4445044
740,4446809
741,4449144
742,4450417
743,4462075
744,4472497
745,4476928
746,4482563
747,4488335
748,4502682
749,4505670
750,4509916
751,4518128
752,4518243
753,4518411
754,4524819
755,4525305
756,4528423
757,4532433
758,4533497
759,4535007
760,4544205
761,4544247
762,4549781
763,4557318
764,4572973
765,4574709
766,4579223
767,4580740
768,4592824
769,4594321
770,4601271
771,4608655
772,4616382
773,4616914
774,4617702
775,4628015
776,4637395
777,4637498
778,4638107
779,4638989
780,4641511
781,4649233
782,4650519
783,4651938
784,4654258
785,4655819
786,4659367
787,4660764
788,4665200
789,4668046
790,4673118
791,4707618
792,4710955
793,4714289
794,4716242
795,4724401
796,4726975
797,4734012
798,4739200
799,4743082
800,4750702
801,4758484
802,4769358
803,4773582
804,4781494
805,4783707
806,4786156
807,4788065
808,4794144
809,4801102
810,4807248
811,4810392
812,4811394
813,4813207
814,4814325
815,4815148
816,4815684
817,4816892
818,4817775
819,4819290
820,4820250
821,4821647
822,4821981
823,4827932
824,4830463
825,4833435
826,4834185
827,4835388
828,4842094
829,4849104
830,4849603
831,4849822
832,4850406
833,4852422
834,4861283
835,4875276
836,4879181
837,4881309
838,4890383
839,4894748
840,4897128
841,4900538
842,4905846
843,4912293
844,4913589
845,4919176
846,4921091
847,4929459
848,4935993
849,4951954
850,4960974
851,4963682
852,4968819
853,4972461
854,4988039
855,4992005
856,4993492
857,5003891
858,5004507
859,5009339
860,5016820
861,5019611
862,5025194
863,5025724
864,5026210
865,5030698
866,5034067
867,5036318
868,5039241
869,5043603
870,5044051
871,5045355
872,5052490
873,5056167
874,5061224
875,5063562
876,5066633
877,5066961
878,5067209
879,5073161
880,5074793
881,5087685
882,5088165
883,5088787
884,5089124
885,5090522
886,5100615
887,5102105
888,5107993
889,5112700
890,5115471
891,5118504
892,5121632
893,5121916
894,5129674
895,5134124
896,5135718
897,5137055
898,5143802
899,5144518
900,5151030
901,5151100
902,5151169
903,5152638
904,5152822
905,5159823
906,5161360
907,5167695
908,5170648
909,5181373
910,5181883
911,5212083
912,5215032
913,5221661
914,5231809
915,5233769
916,5239996
917,5256147
918,5258825
919,5267885
920,5269766
921,5277072
922,5281492
923,5281881
924,5296358
925,5298107
926,5304761
927,5306396
928,5314547
929,5316824
930,5321421
931,5321495
932,5326729
933,5331748
934,5336740
935,5345921
936,5346104
937,5353107
938,5356179
939,5360417
940,5360597
941,5365466
942,5366908
943,5371824
944,5375885
945,5376917
946,5382154
947,5388612
948,5390875
949,5395309
950,5397732
951,5404070
952,5412532
953,5413274
954,5415204
955,5416146
956,5417539
957,5417540
958,5422742
959,5424971
960,5435628
961,5437247
962,5445862
963,5449305
964,5449462
965,5451198
966,5456729
967,5456924
968,5458206
969,5460007
970,5484147
971,5487978
972,5493461
973,5500812
974,5514244
975,5528812
976,5542512
977,5545058
978,5548246
979,5551270
980,5551463
981,5553552
982,5563784
983,5565226
984,5565838
985,5569342
986,5579120
987,5582012
988,5586955
989,5587598
990,5595167
991,5599429
992,5599776
993,5603026
994,5609533
995,5610872
996,5614096
997,5615227
998,5618509
999,5631284
1000,5631325
1001,5634087
1002,5634192
1003,5635775
1004,5643133
1005,5643327
1006,5648387
1007,5650011
1008,5654884
1009,5660269
1010,5661809
1011,5669392
1012,5680229
1013,5685632
1014,5694423
1015,5695222
1016,5703299
1017,5706892
1018,5707083
1019,5710789
1020,5719722
1021,5724703
1022,5726091
1023,5727590
1024,5729528
1025,5730757
1026,5732447
1027,5738333
1028,5750774
1029,5757261
1030,5760755
1031,5761248
1032,5765014
1033,5767521
1034,5773925
1035,5777605
1036,5780884
1037,5783679
1038,5801432
1039,5802498
1040,5809981
1041,5814192
1042,5814337
1043,5821010
1044,5822480
1045,5832901
1046,5832956
1047,5834176
1048,5842091
1049,5843877
1050,5854185
1051,5854596
1052,5858123
1053,5860599
1054,5866722
1055,5874463
1056,5883951
1057,5889330
1058,5896268
1059,5912536
1060,5913549
1061,5914665
1062,5925341
1063,5934744
1064,5940610
1065,5940957
1066,5942771
1067,5946823
1068,5954174
1069,5957196
1070,5959745
1071,5960822
1072,5961923
1073,5962018
1074,5967179
1075,5967502
1076,5982431
1077,5983446
1078,5990193
1079,5992457
1080,5994609
1081,5996327
1082,6004422
1083,6008640
0,1027468
1,1117081
2,1117861
3,1127342
4,1136112
5,1146911
6,1187581
7,1197154
8,1208273
9,1234880
10,1279292
11,1283991
12,1293247
13,1324164
14,1334959
15,1353783
16,1397142
17,1421127
18,1434031
19,1442385
20,1450027
21,1565946
22,1587348
23,1617214
24,1646735
25,1665418
26,1681171
27,1686827
28,1717955
29,1788513
30,1819710
31,1835915
32,1864583
33,1867736
34,1894034
35,1921131
36,1952182
37,1968663
38,1972043
39,1978426
40,1992572
41,2011476
42,2044235
43,2058880
44,2068080
45,2103822
46,2114428
47,2134087
48,2143598
49,2167003
50,2194333
51,2209283
52,2222055
53,2244158
54,2267603
55,2298738
56,2310988
57,2328133
58,2330145
59,2350009
60,2371630
61,2409823
62,2415198
63,2447326
64,2455838
65,2473800
66,2496795
67,2502983
68,2520335
69,2609296
70,2619084
71,2687977
72,2748622
73,2753284
74,2766061
75,2813200
76,2949532
77,2975983
78,2981609
79,3016343
80,3096879
81,3153260
82,3160061
83,3175719
84,3242002
85,3256545
86,3269245
87,3269985
88,3273240
89,3302309
90,3311362
91,3334855
92,3398179
93,3414291
94,3486671
95,3490308
96,3494602
97,3508909
98,3530348
99,3540063
100,3540531
101,3552399
102,3553013
103,3554335
104,3585198
105,3593665
106,3596834
107,3617969
108,3639418
109,3657155
110,3675983
111,3706681
112,3708089
113,3720327
114,3735376
115,3754755
116,3766339
117,3777281
118,3819186
119,3873552
120,3894681
121,3907372
122,3954121
123,3962547
124,3974336
125,3987660
126,4030236
127,4032109
128,4034086
129,4039441
130,4039854
131,4136988
132,4137285
133,4159025
134,4171673
135,4199849
136,4273204
137,4281062
138,4323088
139,4377795
140,4388617
141,4392769
142,4428818
143,4466234
144,4488393
145,4519170
146,4538550
147,4540512
148,4555952
149,4570743
150,4574717
151,4649319
152,4682214
153,4724277
154,4752479
155,4787568
156,4857680
157,4888377
158,4894327
159,4915102
160,4922545
161,4975271
162,4978662
163,5036291
164,5066961
165,5071367
166,5103352
167,5106683
168,5137055
169,5160146
170,5161967
171,5166177
172,5168824
173,5232356
174,5279725
175,5305362
176,5341602
177,5353409
178,5357124
179,5367325
180,5395620
181,5409404
182,5440343
183,5444005
184,5469508
185,5495451
186,5516412
187,5549731
188,5610872
189,5621737
190,5639705
191,5670829
192,5679191
193,5734203
194,5749984
195,5750774
196,5797737
197,5798717
198,5811273
199,5817955
200,5820710
201,5860390
202,5873744
203,5911778
204,5917449
205,5989567
0,1028997
1,1036659
2,1051967
3,1110897
4,1180117
5,1207198
6,1220292
7,1223079
8,1259011
9,1272985
10,1275254
11,1277640
12,1278287
13,1283991
14,1308375
15,1369585
16,1410497
17,1422561
18,1442710
19,1448280
20,1524803
21,1537073
22,1564948
23,1660946
24,1794455
25,1814581
26,1838022
27,1936840
28,1949895
29,1997726
30,1998583
31,2013030
32,2055845
33,2089320
34,2111225
35,2229183
36,2239913
37,2361776
38,2419849
39,2431693
40,2447958
41,2501060
42,2506111
43,2514747
44,2588811
45,2595019
46,2599614
47,2602105
48,2606700
49,2634049
50,2660288
51,2680529
52,2705433
53,2755290
54,2757548
55,2780044
56,2813691
57,2829204
58,2859811
59,2900296
60,2918316
61,2943729
62,2954825
63,3013029
64,3030314
65,3070971
66,3094220
67,3138305
68,3170708
69,3172429
70,3172979
71,3187109
72,3196384
73,3211075
74,3285127
75,3417785
76,3432599
77,3450355
78,3557734
79,3593227
80,3640499
81,3640620
82,3665013
83,3672501
84,3683315
85,3713702
86,3723722
87,3770970
88,3773588
89,3785657
90,3793687
91,3865023
92,3966112
93,4009345
94,4028990
95,4039228
96,4055235
97,4126162
98,4135778
99,4167568
100,4259625
101,4274738
102,4294824
103,4370554
104,4395200
105,4418102
106,4485770
107,4486103
108,4489887
109,4516417
110,4518945
111,4531960
112,4561112
113,4612297
114,4654258
115,4666588
116,4693848
117,4708009
118,4792792
119,4794144
120,4803959
121,4830688
122,4845524
123,4848138
124,4888377
125,4910152
126,4950191
127,4986694
128,5004125
129,5065938
130,5087987
131,5158887
132,5161344
133,5161360
134,5174490
135,5256147
136,5292047
137,5305362
138,5352412
139,5375885
140,5383001
141,5427358
142,5440343
143,5441540
144,5510627
145,5562921
146,5568046
147,5591198
148,5610505
149,5682683
150,5688842
151,5696505
152,5719385
153,5721251
154,5728159
155,5843696
156,5883660
157,5896279
158,5905436
159,5909927
160,5933085
161,5961488
162,5983716
0,1091034
1,1113736
2,1150832
3,1160638
4,1167235
5,1265910
6,1267080
7,1281612
8,1313482
9,1437222
10,1497244
11,1504071
12,1588123
13,1716920
14,1737852
15,1830132
16,1926358
17,1931856
18,1939678
19,2018852
20,2088708
21,2147669
22,2168873
23,2200529
24,2265990
25,2336025
26,2339469
27,2393796
28,2395995
29,2420734
30,2520417
31,2561462
32,2595846
33,2634049
34,2679182
35,2727658
36,2730097
37,2813691
38,2886595
39,2991341
40,3008196
41,3061563
42,3064106
43,3072047
44,3153746
45,3182329
46,3259735
47,3332459
48,3450355
49,3517512
50,3578433
51,3735445
52,3791977
53,3793687
54,3795230
55,3809557
56,3824377
57,3903467
58,3974336
59,3980663
60,4017469
61,4022509
62,4052899
63,4150512
64,4153052
65,4169929
66,4254705
67,4256247
68,4366859
69,4426311
70,4429433
71,4431209
72,4472616
73,4477607
74,4630735
75,4686631
76,4728765
77,4737330
78,4752949
79,4852309
80,5025966
81,5034968
82,5051464
83,5052452
84,5084681
85,5086420
86,5090522
87,5166971
88,5169536
89,5188907
90,5331748
91,5340768
92,5345238
93,5349117
94,5509065
95,5542988
96,5566613
97,5603756
98,5624139
99,5703038
100,5780884
101,5812165
102,5813544
103,5896509
104,5919817
105,5936992
106,6018311
0,1819710
0,1091034
1,1160638
2,1204322
3,1313482
4,1682786
5,1737852
6,1989261
7,2253327
8,2289743
9,2418333
10,2506111
11,2592713
12,2620953
13,2721912
14,2734332
15,3118877
16,3364202
17,3686917
18,3710892
19,3735445
20,3903467
21,3980663
22,4052899
23,4135778
24,4179438
25,4503305
26,5025966
27,5177979
28,5259727
29,5504017
30,5524773
31,5542988
32,5603756
33,5896279
34,5896509
35,5977363
36,6018311
0,1018392
1,1019336
2,1022146
3,1022455
4,1050925
5,1056414
6,1099046
7,1120345
8,1169658
9,1170696
10,1176550
11,1178000
12,1193677
13,1194595
14,1208273
15,1222778
16,1236742
17,1265467
18,1278527
19,1351485
20,1352435
21,1354227
22,1358499
23,1375949
24,1415893
25,1457476
26,1458045
27,1459857
28,1504117
29,1514936
30,1556909
31,1564455
32,1584314
33,1584752
34,1625455
35,1634542
36,1762601
37,1763467
38,1764921
39,1782355
40,1786240
41,1826674
42,1866356
43,1868782
44,1893747
45,1894034
46,1915783
47,1928750
48,1952182
49,1959705
50,1975972
51,2024497
52,2040640
53,2045038
54,2046573
55,2047740
56,2064609
57,2081687
58,2114389
59,2126549
60,2150687
61,2180606
62,2201728
63,2219366
64,2220662
65,2239375
66,2247970
67,2292299
68,2297784
69,2325060
70,2344827
71,2354148
72,2354223
73,2377718
74,2407346
75,2429912
76,2431418
77,2431429
78,2496650
79,2500217
80,2504499
81,2526115
82,2568686
83,2583590
84,2596260
85,2608318
86,2700631
87,2709077
88,2723165
89,2735770
90,2775542
91,2807994
92,2811908
93,2842849
94,2860787
95,2860793
96,2913866
97,2995526
98,2997902
99,3001606
100,3009924
101,3070512
102,3167485
103,3175772
104,3179972
105,3227886
106,3269245
107,3273240
108,3285127
109,3325790
110,3352871
111,3375514
112,3379840
113,3434399
114,3502328
115,3509506
116,3518956
117,3523771
118,3533335
119,3542575
120,3557734
121,3616968
122,3633058
123,3652959
124,3660631
125,3673902
126,3689607
127,3702188
128,3714261
129,3714800
130,3723722
131,3752577
132,3760187
133,3760369
134,3776249
135,3777200
136,3791439
137,3795545
138,3817745
139,3821501
140,3849139
141,3888274
142,3910542
143,3915776
144,3921672
145,3947749
146,3949301
147,3954565
148,3985098
149,4104733
150,4148837
151,4153484
152,4173639
153,4193827
154,4215454
155,4219235
156,4257592
157,4310201
158,4353778
159,4376405
160,4404327
161,4422199
162,4433539
163,4469445
164,4541982
165,4555448
166,4573100
167,4585242
168,4642069
169,4646748
170,4654258
171,4671289
172,4710955
173,4755890
174,4766742
175,4781494
176,4801102
177,4828283
178,4849744
179,4864952
180,4880237
181,4888755
182,4930150
183,4947016
184,4950191
185,4978334
186,4988684
187,5029491
188,5061140
189,5065417
190,5110935
191,5154213
192,5167695
193,5199131
194,5219708
195,5236647
196,5247181
197,5253381
198,5255719
199,5268406
200,5301821
201,5311805
202,5320674
203,5322901
204,5330571
205,5336023
206,5340909
207,5343410
208,5413339
209,5440758
210,5446154
211,5462829
212,5468536
213,5470352
214,5482116
215,5506464
216,5514244
217,5572806
218,5582051
219,5593724
220,5595296
221,5624139
222,5625652
223,5667396
224,5680935
225,5685632
226,5715759
227,5728159
228,5738746
229,5750774
230,5768839
231,5798283
232,5829000
233,5834176
234,5853749
235,5855052
236,5867705
237,5879118
238,5893783
239,5906064
240,5911801
241,5915328
242,5920847
243,5920954
244,5944894
245,5977895
246,5983922
247,5987208
248,5997040
0,1008848
1,1010542
2,1033492
3,1034030
4,1036884
5,1038319
6,1057101
7,1064506
8,1069815
9,1075664
10,1082199
11,1096463
12,1099717
13,1116777
14,1117081
15,1117861
16,1136112
17,1141585
18,1147654
19,1164960
20,1174703
21,1185159
22,1205766
23,1207198
24,1209876
25,1218085
26,1220436
27,1226395
28,1231251
29,1237814
30,1249470
31,1253143
32,1262239
33,1274970
34,1302535
35,1317889
36,1332373
37,1335669
38,1339136
39,1345647
40,1348534
41,1368659
42,1373407
43,1382304
44,1383068
45,1391936
46,1400325
47,1410593
48,1411448
49,1413363
50,1416470
51,1430297
52,1454171
53,1458045
54,1486317
55,1487683
56,1492029
57,1506823
58,1508206
59,1513860
60,1556146
61,1558393
62,1559091
63,1570458
64,1573161
65,1573688
66,1579853
67,1586755
68,1587987
69,1595772
70,1602350
71,1605007
72,1625413
73,1630929
74,1643993
75,1647403
76,1649510
77,1681505
78,1684239
79,1689228
80,1692122
81,1710156
82,1723645
83,1730365
84,1731652
85,1736463
86,1750233
87,1761336
88,1764674
89,1769538
90,1770655
91,1777622
92,1785040
93,1787430
94,1801044
95,1805039
96,1806818
97,1818053
98,1824848
99,1825687
100,1826674
101,1829768
102,1832089
103,1833160
104,1833983
105,1835787
106,1859421
107,1870548
108,1873146
109,1875876
110,1906700
111,1919827
112,1931171
113,1939678
114,1946875
115,1955746
116,1987570
117,2007288
118,2012966
119,2018852
120,2029143
121,2048551
122,2053403
123,2069476
124,2075215
125,2078285
126,2089617
127,2091173
128,2104911
129,2113950
130,2115519
131,2116454
132,2122327
133,2148233
134,2151819
135,2184414
136,2191156
137,2200995
138,2212671
139,2220662
140,2235645
141,2241302
142,2247550
143,2247607
144,2252119
145,2270380
146,2291086
147,2297990
148,2319566
149,2324940
150,2365614
151,2395860
152,2401458
153,2404758
154,2408769
155,2409773
156,2411925
157,2414856
158,2417463
159,2419376
160,2429530
161,2431327
162,2431693
163,2436266
164,2437856
165,2438942
166,2442022
167,2446543
168,2451997
169,2473800
170,2478750
171,2483783
172,2491010
173,2496757
174,2500217
175,2501320
176,2508417
177,2529057
178,2530338
179,2549789
180,2560778
181,2572646
182,2588811
183,2599614
184,2615595
185,2629054
186,2649538
187,2690482
188,2699453
189,2702418
190,2735770
191,2742543
192,2751569
193,2760363
194,2766362
195,2771238
196,2787776
197,2793308
198,2814976
199,2833295
200,2837215
201,2837501
202,2861648
203,2873820
204,2874370
205,2885861
206,2898076
207,2903567
208,2909027
209,2937707
210,2938686
211,2946235
212,2964412
213,2966402
214,2969575
215,2969788
216,2981496
217,2982160
218,2990114
219,2992673
220,2995409
221,3019266
222,3023272
223,3024132
224,3025497
225,3031274
226,3056201
227,3072662
228,3073776
229,3079844
230,3084528
231,3100388
232,3115561
233,3116399
234,3134022
235,3134854
236,3144220
237,3169617
238,3169691
239,3188203
240,3213462
241,3262919
242,3269985
243,3273240
244,3289981
245,3301433
246,3302309
247,3305190
248,3322568
249,3325790
250,3326245
251,3337608
252,3342665
253,3347505
254,3351916
255,3368575
256,3368668
257,3373653
258,3379446
259,3407391
260,3410169
261,3415351
262,3416600
263,3421312
264,3423052
265,3426737
266,3429781
267,3433710
268,3465607
269,3485095
270,3497835
271,3520528
272,3528173
273,3537413
274,3546463
275,3556317
276,3560902
277,3598171
278,3604516
279,3605713
280,3605921
281,3612810
282,3628616
283,3632197
284,3636747
285,3636841
286,3640620
287,3664443
288,3670918
289,3672167
290,3672593
291,3685204
292,3694202
293,3709092
294,3712244
295,3721995
296,3724706
297,3730184
298,3745236
299,3755874
300,3759567
301,3766660
302,3770139
303,3778548
304,3801906
305,3808926
306,3813395
307,3825182
308,3844849
309,3849781
310,3859973
311,3860226
312,3878150
313,3881647
314,3914143
315,3919743
316,3926134
317,3926273
318,3940649
319,3967014
320,3983781
321,3992126
322,3992499
323,3993106
324,4017682
325,4029290
326,4029835
327,4038391
328,4042628
329,4042968
330,4048596
331,4054343
332,4061006
333,4067397
334,4074517
335,4076981
336,4079988
337,4099131
338,4102325
339,4107774
340,4115679
341,4120326
342,4123413
343,4123593
344,4125876
345,4143735
346,4146041
347,4148456
348,4150512
349,4159025
350,4179910
351,4185114
352,4215823
353,4218247
354,4230590
355,4234603
356,4240127
357,4242134
358,4250681
359,4257995
360,4260318
361,4263530
362,4279712
363,4280666
364,4282492
365,4292543
366,4297618
367,4315411
368,4327218
369,4337107
370,4348229
371,4348764
372,4354005
373,4378819
374,4384906
375,4400873
376,4416985
377,4433539
378,4456674
379,4462826
380,4466234
381,4472057
382,4476082
383,4493514
384,4496563
385,4504233
386,4513074
387,4531059
388,4538153
389,4541982
390,4550210
391,4558332
392,4571990
393,4574709
394,4589452
395,4596661
396,4597483
397,4604699
398,4615038
399,4641317
400,4653231
401,4654994
402,4655592
403,4666293
404,4668157
405,4680255
406,4700910
407,4708713
408,4711616
409,4743142
410,4744067
411,4751545
412,4760409
413,4784587
414,4785161
415,4789219
416,4824953
417,4825343
418,4830360
419,4849927
420,4867819
421,4867835
422,4869281
423,4877526
424,4885423
425,4889569
426,4905846
427,4906678
428,4920693
429,4927675
430,4929272
431,4929459
432,4940110
433,4943277
434,4950955
435,4968468
436,4970063
437,4996021
438,4997553
439,5004969
440,5019611
441,5020279
442,5020614
443,5030008
444,5034067
445,5036318
446,5038213
447,5052853
448,5064202
449,5067209
450,5073161
451,5076061
452,5090522
453,5115471
454,5141587
455,5145034
456,5151030
457,5168118
458,5182250
459,5186705
460,5196590
461,5215289
462,5228004
463,5236487
464,5236647
465,5238892
466,5250040
467,5269640
468,5275665
469,5278475
470,5288444
471,5293299
472,5297540
473,5302689
474,5324536
475,5325124
476,5333232
477,5337769
478,5346433
479,5352412
480,5359910
481,5366494
482,5370719
483,5370793
484,5382154
485,5389194
486,5399520
487,5405946
488,5412220
489,5412704
490,5425889
491,5428869
492,5437332
493,5438495
494,5458206
495,5469508
496,5471057
497,5481944
498,5494067
499,5522948
500,5544595
501,5567175
502,5571674
503,5576614
504,5579010
505,5585292
506,5610872
507,5630871
508,5632026
509,5642716
510,5645647
511,5648006
512,5650530
513,5669123
514,5681561
515,5682683
516,5685632
517,5701427
518,5706892
519,5708597
520,5710789
521,5728159
522,5729779
523,5750192
524,5761248
525,5764894
526,5789692
527,5791510
528,5834176
529,5837200
530,5855052
531,5893255
532,5919817
533,5920847
534,5938516
535,5951951
536,5958324
537,5994799
538,6019028
539,6020989
0,1012774
1,1016412
2,1026354
3,1060247
4,1082301
5,1091594
6,1140252
7,1167746
8,1171907
9,1174527
10,1190657
11,1195817
12,1205696
13,1206936
14,1207198
15,1208808
16,1233389
17,1255829
18,1270978
19,1278287
20,1283991
21,1304122
22,1338382
23,1353150
24,1353648
25,1359362
26,1383249
27,1413363
28,1420133
29,1421622
30,1442710
31,1450456
32,1470674
33,1525848
34,1545554
35,1555583
36,1597037
37,1607277
38,1642370
39,1660526
40,1672424
41,1694798
42,1696942
43,1723645
44,1730908
45,1773787
46,1794455
47,1813026
48,1846662
49,1849321
50,1901144
51,1926413
52,1999867
53,2013247
54,2018557
55,2021437
56,2038706
57,2038768
58,2046962
59,2077269
60,2105910
61,2109758
62,2113950
63,2116454
64,2120629
65,2145631
66,2151610
67,2223103
68,2224351
69,2236165
70,2260114
71,2280718
72,2286658
73,2288520
74,2312156
75,2314538
76,2358741
77,2359628
78,2411925
79,2415667
80,2442404
81,2448394
82,2455464
83,2461896
84,2462312
85,2499953
86,2507404
87,2526275
88,2526726
89,2579286
90,2602707
91,2623912
92,2631856
93,2633774
94,2635653
95,2667187
96,2672639
97,2673091
98,2706838
99,2722190
100,2727658
101,2760126
102,2805685
103,2819825
104,2831631
105,2835965
106,2887500
107,2889511
108,2930127
109,2937044
110,2941303
111,2954825
112,2956844
113,2959831
114,2962748
115,3017500
116,3019266
117,3030314
118,3034773
119,3072073
120,3144741
121,3146605
122,3175486
123,3187109
124,3188203
125,3273374
126,3285127
127,3285844
128,3290483
129,3293454
130,3297014
131,3305751
132,3316277
133,3322760
134,3362390
135,3368668
136,3417434
137,3430943
138,3450268
139,3461158
140,3482391
141,3491834
142,3502328
143,3544154
144,3559514
145,3584171
146,3604881
147,3614278
148,3640620
149,3678277
150,3690763
151,3733054
152,3765992
153,3779090
154,3780099
155,3795721
156,3845733
157,3845879
158,3884165
159,3902207
160,3902635
161,3933601
162,3954121
163,3959843
164,3967014
165,3971127
166,4018943
167,4026560
168,4040733
169,4042628
170,4050285
171,4061006
172,4065140
173,4083905
174,4093182
175,4104673
176,4143165
177,4149923
178,4204961
179,4209263
180,4254262
181,4257970
182,4294368
183,4294824
184,4309610
185,4310201
186,4311038
187,4335690
188,4337107
189,4372209
190,4407279
191,4418102
192,4434631
193,4439748
194,4443454
195,4462826
196,4464091
197,4495270
198,4501149
199,4514338
200,4518243
201,4529715
202,4537629
203,4573100
204,4573739
205,4595985
206,4598579
207,4602906
208,4612019
209,4644281
210,4647132
211,4671289
212,4722821
213,4726145
214,4755867
215,4781494
216,4782894
217,4785161
218,4804917
219,4811306
220,4812999
221,4848288
222,4869281
223,4880237
224,4923998
225,4936204
226,4964890
227,4975215
228,5008403
229,5029136
230,5032825
231,5034258
232,5037741
233,5040477
234,5043318
235,5050116
236,5064322
237,5101910
238,5104854
239,5115471
240,5151445
241,5173726
242,5183918
243,5184216
244,5185572
245,5196590
246,5199320
247,5217633
248,5240020
249,5245881
250,5264557
251,5265235
252,5287359
253,5341602
254,5358222
255,5397484
256,5424971
257,5445292
258,5480563
259,5481796
260,5483103
261,5495451
262,5498255
263,5525871
264,5540268
265,5544595
266,5554754
267,5587598
268,5593724
269,5598657
270,5649063
271,5652298
272,5666851
273,5674541
274,5680935
275,5778153
276,5789338
277,5795570
278,5800014
279,5823359
280,5829939
281,5848881
282,5853934
283,5985760
284,5996504
285,5999924
0,1007602
1,1016412
2,1020293
3,1034142
4,1036712
5,1036932
6,1039246
7,1042611
8,1060668
9,1077927
10,1086650
11,1092363
12,1096773
13,1098580
14,1099717
15,1100150
16,1101681
17,1107315
18,1107405
19,1116695
20,1119235
21,1124492
22,1129926
23,1139871
24,1147351
25,1166587
26,1181641
27,1206936
28,1208309
29,1220715
30,1222778
31,1238276
32,1240998
33,1245059
34,1253809
35,1260724
36,1278678
37,1295398
38,1348823
39,1353783
40,1364777
41,1366230
42,1370469
43,1373895
44,1375224
45,1378131
46,1396076
47,1411841
48,1434031
49,1441936
50,1444502
51,1458045
52,1462104
53,1468139
54,1480992
55,1504820
56,1509388
57,1525228
58,1534855
59,1550232
60,1570458
61,1576564
62,1586017
63,1586636
64,1586645
65,1589528
66,1590837
67,1596278
68,1597208
69,1607487
70,1623539
71,1628294
72,1632991
73,1647381
74,1648533
75,1660946
76,1661730
77,1664036
78,1667928
79,1681658
80,1688511
81,1692773
82,1693398
83,1695325
84,1697906
85,1705819
86,1705908
87,1710888
88,1711197
89,1732016
90,1758217
91,1798229
92,1817406
93,1818096
94,1819965
95,1821251
96,1832530
97,1836916
98,1842757
99,1843184
100,1853412
101,1863333
102,1865086
103,1884405
104,1892658
105,1893747
106,1895281
107,1899686
108,1900301
109,1907788
110,1918261
111,1919206
112,1921904
113,1932631
114,1942052
115,1942523
116,1946648
117,1949606
118,1950381
119,1959705
120,1964067
121,1971863
122,1973908
123,1980398
124,1981141
125,1983308
126,1990120
127,1994037
128,2004787
129,2012966
130,2023488
131,2026403
132,2029143
133,2031634
134,2036015
135,2037748
136,2040372
137,2044007
138,2053243
139,2053403
140,2065626
141,2073036
142,2081327
143,2089676
144,2095071
145,2101878
146,2116597
147,2128767
148,2139020
149,2143598
150,2145338
151,2147022
152,2149365
153,2151819
154,2156695
155,2209283
156,2210320
157,2210783
158,2211465
159,2225880
160,2252452
161,2269966
162,2291086
163,2294406
164,2296439
165,2330079
166,2344961
167,2346647
168,2355659
169,2373378
170,2373525
171,2375182
172,2384875
173,2389432
174,2401458
175,2401814
176,2409823
177,2416226
178,2419643
179,2423790
180,2438913
181,2447326
182,2460079
183,2460432
184,2461509
185,2465754
186,2467944
187,2472961
188,2473800
189,2498189
190,2499772
191,2517995
192,2518117
193,2525598
194,2540530
195,2542692
196,2558215
197,2566990
198,2572217
199,2576011
200,2602557
201,2605075
202,2619084
203,2625629
204,2628500
205,2629054
206,2630516
207,2637624
208,2648905
209,2652915
210,2655083
211,2655515
212,2676444
213,2678189
214,2698599
215,2700806
216,2703490
217,2705433
218,2712297
219,2726023
220,2732922
221,2735770
222,2753284
223,2761942
224,2763639
225,2775989
226,2784853
227,2785082
228,2789329
229,2790224
230,2793308
231,2798840
232,2799429
233,2822876
234,2827073
235,2827839
236,2829015
237,2831631
238,2833463
239,2835889
240,2852659
241,2855220
242,2858522
243,2867876
244,2871156
245,2871554
246,2876584
247,2883730
248,2894811
249,2895655
250,2902106
251,2909843
252,2911740
253,2927660
254,2947240
255,2969788
256,2974183
257,2985487
258,2985599
259,2994712
260,3006447
261,3006577
262,3007071
263,3007647
264,3010770
265,3011623
266,3024132
267,3026068
268,3033159
269,3033470
270,3034804
271,3049795
272,3084528
273,3089540
274,3094018
275,3094220
276,3099537
277,3106554
278,3112144
279,3119819
280,3130174
281,3138347
282,3160459
283,3172339
284,3172418
285,3179715
286,3181458
287,3186660
288,3199277
289,3224430
290,3230955
291,3233723
292,3238918
293,3242346
294,3243166
295,3246704
296,3254525
297,3263194
298,3265768
299,3269725
300,3278164
301,3282395
302,3290956
303,3293975
304,3297818
305,3299397
306,3313238
307,3320525
308,3325790
309,3331731
310,3335076
311,3336263
312,3345999
313,3365454
314,3376724
315,3390969
316,3400221
317,3400664
318,3418601
319,3423780
320,3434399
321,3444443
322,3448746
323,3470648
324,3480699
325,3489133
326,3528496
327,3530348
328,3540063
329,3540674
330,3546463
331,3549052
332,3553013
333,3554094
334,3566519
335,3569437
336,3573298
337,3581641
338,3587924
339,3596447
340,3601718
341,3609574
342,3620312
343,3627447
344,3632059
345,3640620
346,3640685
347,3642246
348,3652783
349,3657474
350,3659086
351,3662709
352,3666904
353,3667360
354,3675983
355,3683388
356,3699010
357,3706099
358,3723722
359,3728606
360,3734888
361,3756676
362,3763374
363,3778160
364,3781693
365,3783392
366,3787713
367,3789799
368,3801660
369,3820117
370,3820223
371,3842695
372,3843245
373,3850577
374,3859854
375,3874582
376,3892184
377,3898331
378,3901829
379,3914099
380,3914272
381,3921339
382,3922698
383,3983949
384,4004386
385,4004809
386,4008165
387,4029451
388,4036066
389,4039600
390,4039655
391,4065289
392,4067397
393,4074517
394,4098733
395,4102247
396,4110166
397,4113341
398,4121606
399,4136988
400,4138736
401,4142698
402,4148311
403,4179084
404,4179212
405,4183900
406,4203054
407,4214873
408,4216782
409,4218546
410,4241953
411,4242134
412,4271101
413,4291944
414,4297618
415,4298573
416,4302342
417,4310201
418,4328675
419,4337705
420,4349891
421,4351752
422,4353398
423,4354005
424,4355407
425,4378304
426,4384687
427,4396992
428,4403808
429,4424160
430,4446876
431,4458331
432,4469461
433,4476928
434,4485770
435,4488432
436,4488705
437,4488877
438,4491076
439,4498637
440,4499891
441,4504627
442,4504911
443,4511543
444,4513697
445,4520820
446,4522635
447,4525182
448,4528423
449,4543878
450,4555952
451,4565771
452,4575828
453,4585471
454,4586876
455,4594642
456,4602371
457,4617740
458,4663705
459,4673118
460,4674239
461,4697234
462,4700910
463,4702512
464,4702719
465,4712261
466,4715543
467,4717158
468,4717750
469,4747961
470,4752636
471,4774862
472,4807457
473,4807719
474,4824861
475,4829050
476,4839818
477,4842882
478,4845524
479,4857680
480,4861937
481,4876691
482,4893218
483,4894937
484,4910917
485,4926489
486,4927787
487,4937826
488,4949831
489,4960220
490,4972407
491,4972461
492,4983026
493,4993492
494,5013610
495,5018288
496,5027435
497,5034067
498,5037467
499,5040194
500,5048969
501,5053236
502,5053302
503,5053800
504,5067209
505,5077587
506,5079958
507,5093723
508,5111053
509,5117033
510,5117358
511,5129032
512,5168691
513,5176721
514,5193104
515,5203664
516,5209621
517,5216537
518,5220541
519,5235685
520,5236837
521,5253381
522,5268224
523,5276360
524,5290689
525,5295561
526,5297185
527,5301620
528,5302646
529,5306396
530,5308674
531,5318515
532,5321971
533,5326270
534,5333225
535,5337828
536,5338934
537,5357310
538,5357884
539,5366275
540,5383255
541,5383557
542,5385500
543,5391465
544,5391854
545,5418491
546,5422076
547,5422742
548,5435003
549,5437247
550,5470191
551,5481503
552,5497285
553,5499558
554,5507409
555,5508634
556,5516330
557,5531846
558,5539622
559,5545058
560,5551270
561,5558549
562,5561806
563,5566832
564,5566973
565,5570912
566,5591198
567,5593137
568,5596816
569,5598580
570,5600854
571,5608493
572,5610505
573,5616882
574,5619878
575,5631325
576,5648006
577,5664237
578,5683882
579,5692072
580,5696908
581,5698165
582,5699288
583,5703038
584,5710179
585,5714911
586,5744167
587,5745136
588,5748284
589,5765706
590,5767557
591,5783538
592,5797307
593,5798717
594,5800014
595,5803380
596,5807563
597,5808385
598,5828374
599,5832348
600,5838840
601,5867006
602,5901036
603,5916798
604,5924656
605,5925091
606,5961923
607,5962029
608,5962888
609,5980900
610,5983446
611,5996748
612,5996979
613,6009468
614,6022904
0,1010454
1,1061216
2,1067519
3,1105849
4,1116695
5,1119540
6,1123589
7,1132275
8,1163429
9,1176550
10,1223079
11,1233733
12,1250063
13,1253061
14,1255374
15,1264476
16,1293134
17,1303433
18,1307485
19,1313482
20,1319725
21,1348463
22,1357013
23,1367516
24,1369585
25,1381536
26,1393148
27,1393997
28,1396076
29,1413901
30,1430060
31,1432500
32,1437732
33,1444106
34,1450456
35,1467599
36,1476555
37,1480179
38,1489060
39,1504806
40,1520839
41,1541261
42,1558454
43,1564455
44,1573688
45,1577271
46,1586203
47,1606598
48,1611556
49,1626534
50,1637203
51,1649298
52,1649510
53,1650197
54,1651088
55,1660946
56,1669743
57,1670899
58,1673353
59,1692696
60,1699217
61,1704302
62,1705819
63,1739842
64,1747138
65,1757637
66,1771003
67,1786240
68,1803800
69,1815342
70,1818096
71,1821608
72,1822044
73,1826054
74,1839065
75,1870782
76,1872254
77,1873698
78,1890808
79,1892887
80,1907016
81,1908988
82,1909593
83,1917455
84,1920603
85,1921131
86,1921803
87,1932795
88,1936840
89,1940154
90,1963993
91,1984040
92,1986085
93,1996218
94,2002547
95,2020157
96,2031634
97,2032747
98,2054622
99,2056147
100,2059273
101,2068080
102,2069952
103,2077557
104,2078424
105,2086620
106,2089320
107,2092782
108,2104865
109,2120241
110,2128767
111,2139085
112,2143598
113,2149494
114,2150302
115,2156378
116,2156695
117,2178736
118,2185663
119,2194571
120,2203905
121,2215928
122,2219433
123,2222347
124,2235547
125,2237999
126,2238072
127,2245193
128,2251595
129,2279446
130,2306782
131,2308694
132,2315277
133,2329135
134,2331300
135,2335656
136,2336547
137,2349305
138,2355659
139,2357035
140,2368191
141,2368714
142,2376941
143,2385711
144,2389432
145,2397517
146,2405007
147,2414437
148,2414610
149,2419886
150,2436266
151,2456074
152,2489966
153,2503405
154,2521220
155,2528793
156,2572392
157,2576195
158,2577605
159,2595019
160,2614000
161,2631893
162,2647454
163,2648362
164,2663901
165,2666130
166,2677979
167,2687654
168,2690477
169,2692743
170,2692976
171,2695974
172,2731035
173,2742392
174,2753098
175,2754748
176,2761942
177,2762359
178,2770090
179,2793308
180,2805181
181,2811908
182,2812879
183,2835758
184,2845070
185,2856849
186,2871936
187,2876153
188,2880053
189,2885495
190,2897969
191,2905622
192,2908087
193,2909666
194,2927660
195,2952722
196,2960507
197,2974183
198,2981060
199,3006541
200,3016118
201,3027514
202,3027783
203,3044405
204,3064863
205,3067317
206,3074833
207,3075002
208,3085183
209,3105597
210,3118319
211,3139202
212,3155239
213,3155345
214,3173896
215,3173922
216,3180633
217,3182347
218,3186046
219,3187109
220,3192235
221,3196728
222,3203466
223,3205419
224,3211353
225,3216821
226,3248458
227,3259735
228,3270467
229,3271142
230,3298261
231,3302956
232,3337608
233,3341635
234,3373417
235,3376112
236,3378943
237,3389190
238,3392869
239,3396147
240,3408198
241,3450355
242,3451461
243,3460413
244,3465032
245,3509512
246,3530348
247,3540856
248,3549656
249,3553305
250,3559269
251,3570569
252,3585276
253,3587270
254,3593794
255,3594745
256,3596937
257,3608514
258,3610160
259,3625363
260,3630485
261,3638403
262,3642032
263,3661086
264,3661720
265,3672593
266,3674270
267,3677661
268,3682193
269,3715683
270,3741313
271,3763215
272,3773752
273,3776990
274,3783603
275,3796240
276,3813395
277,3821528
278,3832055
279,3837618
280,3842489
281,3857177
282,3869433
283,3874582
284,3913375
285,3916485
286,3927076
287,3954283
288,3974336
289,4001187
290,4004809
291,4029835
292,4036066
293,4039752
294,4039854
295,4050802
296,4068471
297,4078932
298,4079988
299,4083905
300,4104733
301,4113341
302,4115679
303,4120326
304,4128443
305,4132308
306,4135140
307,4146142
308,4175998
309,4187956
310,4225139
311,4235147
312,4238024
313,4260069
314,4292971
315,4302342
316,4308718
317,4312310
318,4320731
319,4327218
320,4331190
321,4348857
322,4377191
323,4380976
324,4384693
325,4384906
326,4384912
327,4396600
328,4399378
329,4408710
330,4423781
331,4441180
332,4441942
333,4451670
334,4454185
335,4459866
336,4468790
337,4470333
338,4472103
339,4491076
340,4500441
341,4508770
342,4511366
343,4514241
344,4515884
345,4564759
346,4568991
347,4580292
348,4675773
349,4686851
350,4687565
351,4692862
352,4697521
353,4724885
354,4725884
355,4727514
356,4731038
357,4736589
358,4746392
359,4749444
360,4767354
361,4774685
362,4784478
363,4798240
364,4798980
365,4800162
366,4803343
367,4811306
368,4815894
369,4817502
370,4825625
371,4849836
372,4860099
373,4869875
374,4880467
375,4883296
376,4888377
377,4892642
378,4896953
379,4899795
380,4903145
381,4913309
382,4920530
383,4937826
384,4940319
385,4941475
386,4951751
387,4956278
388,4962874
389,4966754
390,4979994
391,4999887
392,5020614
393,5023434
394,5028713
395,5030698
396,5042296
397,5047330
398,5051192
399,5057074
400,5071401
401,5078598
402,5080989
403,5082586
404,5096213
405,5117616
406,5134152
407,5139790
408,5156315
409,5180835
410,5187166
411,5190697
412,5197592
413,5202188
414,5209621
415,5210698
416,5237162
417,5243389
418,5264035
419,5286821
420,5298859
421,5302689
422,5304904
423,5305441
424,5324472
425,5326804
426,5351545
427,5353409
428,5358405
429,5377854
430,5392597
431,5424209
432,5430542
433,5450713
434,5451198
435,5451217
436,5457226
437,5468583
438,5469019
439,5470191
440,5516054
441,5520362
442,5521693
443,5548246
444,5551463
445,5557411
446,5563731
447,5571009
448,5585292
449,5589624
450,5591198
451,5599776
452,5615698
453,5630662
454,5631620
455,5662107
456,5666298
457,5669026
458,5671500
459,5684013
460,5685632
461,5687383
462,5706358
463,5706737
464,5706892
465,5733525
466,5758659
467,5768489
468,5772940
469,5790458
470,5793286
471,5796333
472,5803956
473,5810983
474,5820710
475,5837557
476,5838695
477,5838777
478,5869685
479,5879464
480,5882765
481,5885647
482,5894215
483,5916798
484,5919817
485,5925699
486,5934506
487,5940957
488,5962018
489,5973647
490,5997812
491,6001875
492,6009009
493,6021403
0,1011119
1,1030719
2,1034142
3,1034935
4,1036932
5,1037074
6,1037790
7,1056034
8,1056414
9,1060612
10,1065959
11,1068114
12,1068693
13,1077594
14,1085458
15,1088152
16,1089927
17,1096750
18,1098532
19,1102615
20,1104608
21,1105694
22,1106154
23,1113514
24,1115615
25,1119333
26,1121006
27,1121051
28,1126305
29,1128710
30,1129692
31,1138951
32,1142643
33,1160217
34,1162608
35,1164376
36,1170696
37,1185719
38,1192141
39,1194595
40,1205696
41,1210845
42,1213709
43,1219196
44,1223356
45,1225745
46,1229243
47,1239413
48,1248831
49,1249858
50,1255014
51,1255374
52,1268040
53,1284889
54,1295742
55,1298824
56,1311433
57,1313482
58,1318369
59,1333712
60,1334824
61,1337714
62,1338382
63,1340495
64,1349700
65,1359120
66,1369772
67,1373620
68,1375252
69,1392001
70,1392875
71,1394515
72,1396819
73,1399288
74,1399497
75,1402246
76,1410593
77,1416081
78,1418783
79,1423439
80,1437732
81,1438146
82,1438426
83,1445364
84,1445431
85,1450096
86,1459348
87,1459808
88,1467599
89,1468547
90,1471081
91,1476671
92,1478101
93,1478815
94,1480992
95,1482909
96,1484491
97,1485342
98,1486317
99,1490543
100,1492285
101,1493450
102,1500365
103,1500377
104,1515702
105,1528995
106,1530434
107,1536069
108,1545907
109,1558393
110,1561359
111,1566896
112,1576564
113,1578855
114,1583997
115,1590757
116,1590981
117,1597037
118,1597286
119,1599023
120,1612075
121,1613489
122,1618596
123,1624618
124,1629258
125,1630929
126,1639758
127,1640049
128,1644834
129,1656947
130,1657785
131,1660773
132,1665855
133,1667620
134,1670899
135,1672670
136,1679755
137,1680780
138,1682786
139,1697429
140,1700954
141,1703376
142,1712081
143,1715061
144,1717955
145,1719671
146,1721010
147,1733349
148,1736043
149,1742382
150,1745173
151,1748826
152,1749101
153,1750199
154,1753241
155,1764443
156,1766514
157,1766824
158,1767221
159,1770790
160,1773719
161,1777801
162,1783274
163,1786976
164,1788513
165,1798004
166,1801044
167,1804552
168,1809547
169,1811504
170,1819028
171,1822044
172,1823487
173,1825516
174,1826674
175,1835940
176,1841860
177,1842419
178,1848987
179,1856757
180,1871380
181,1879020
182,1883685
183,1884340
184,1904465
185,1909322
186,1911487
187,1918339
188,1925605
189,1949606
190,1955832
191,1963059
192,1970982
193,1973091
194,1974031
195,1976040
196,1978909
197,1984040
198,2005923
199,2007785
200,2018557
201,2023875
202,2026294
203,2031308
204,2039392
205,2044992
206,2050879
207,2052327
208,2053403
209,2063917
210,2069952
211,2091278
212,2092403
213,2093834
214,2095064
215,2104911
216,2110316
217,2111159
218,2113228
219,2113984
220,2120241
221,2123029
222,2126867
223,2128287
224,2128767
225,2129023
226,2130723
227,2131113
228,2131944
229,2132822
230,2137282
231,2138115
232,2145338
233,2147022
234,2147386
235,2150052
236,2151610
237,2160320
238,2166419
239,2167121
240,2169512
241,2173788
242,2176408
243,2186045
244,2187779
245,2194891
246,2201690
247,2201810
248,2211194
249,2215739
250,2219433
251,2220840
252,2228986
253,2243305
254,2244158
255,2260236
256,2261970
257,2262088
258,2263890
259,2265773
260,2277227
261,2283352
262,2289706
263,2291358
264,2291991
265,2294494
266,2307081
267,2312156
268,2318295
269,2318773
270,2330938
271,2332867
272,2333786
273,2336592
274,2339469
275,2346180
276,2349305
277,2353498
278,2360074
279,2364877
280,2365172
281,2375495
282,2385918
283,2393771
284,2394672
285,2397798
286,2402675
287,2410749
288,2411455
289,2414437
290,2417555
291,2418333
292,2423790
293,2429912
294,2445645
295,2447452
296,2449574
297,2450739
298,2465754
299,2467077
300,2470141
301,2483173
302,2485688
303,2486922
304,2488960
305,2492145
306,2496650
307,2499953
308,2508208
309,2511245
310,2517359
311,2518117
312,2525089
313,2528744
314,2534713
315,2537480
316,2539987
317,2541622
318,2543226
319,2545597
320,2555445
321,2558604
322,2560547
323,2563272
324,2563386
325,2565544
326,2570135
327,2577894
328,2585017
329,2591558
330,2620177
331,2622621
332,2623951
333,2630516
334,2644801
335,2645495
336,2656813
337,2658359
338,2661597
339,2662790
340,2666543
341,2673048
342,2677979
343,2679263
344,2683571
345,2683809
346,2687234
347,2702906
348,2705280
349,2705433
350,2709637
351,2712453
352,2740397
353,2740621
354,2742457
355,2746075
356,2746207
357,2748622
358,2752386
359,2758028
360,2789652
361,2790290
362,2791701
363,2793308
364,2799222
365,2799429
366,2802989
367,2803908
368,2804135
369,2806981
370,2811211
371,2811908
372,2832468
373,2833463
374,2836600
375,2839334
376,2841055
377,2843061
378,2846068
379,2846898
380,2848853
381,2852374
382,2860182
383,2864436
384,2868286
385,2873561
386,2882732
387,2890467
388,2897868
389,2905797
390,2905933
391,2909843
392,2910695
393,2912254
394,2915349
395,2915564
396,2915931
397,2918518
398,2921498
399,2927660
400,2936270
401,2936653
402,2939274
403,2941338
404,2944217
405,2948011
406,2963119
407,2965182
408,2966811
409,2970697
410,2981838
411,2993761
412,2994062
413,2995705
414,2997081
415,2998567
416,3007647
417,3013686
418,3017387
419,3018571
420,3021624
421,3024259
422,3027783
423,3047686
424,3054254
425,3059403
426,3059945
427,3065340
428,3068042
429,3069528
430,3070165
431,3071019
432,3071852
433,3079443
434,3100484
435,3105597
436,3128315
437,3130006
438,3138305
439,3158741
440,3160194
441,3162288
442,3163263
443,3166059
444,3166685
445,3169691
446,3171152
447,3172577
448,3183062
449,3188443
450,3192333
451,3195139
452,3211644
453,3216284
454,3216821
455,3217140
456,3224703
457,3227857
458,3242324
459,3243281
460,3253091
461,3256583
462,3259506
463,3259735
464,3260970
465,3270300
466,3275711
467,3280682
468,3282642
469,3285844
470,3291545
471,3301329
472,3302808
473,3309108
474,3325752
475,3326523
476,3336177
477,3341635
478,3343291
479,3349131
480,3349904
481,3352840
482,3358696
483,3365990
484,3366084
485,3369362
486,3371324
487,3371721
488,3382415
489,3395996
490,3400221
491,3405906
492,3407181
493,3410113
494,3414291
495,3417175
496,3418601
497,3421312
498,3425109
499,3426623
500,3427697
501,3432460
502,3433595
503,3435946
504,3436334
505,3437449
506,3450268
507,3454998
508,3458734
509,3467144
510,3468166
511,3470648
512,3473316
513,3474840
514,3479318
515,3481350
516,3482857
517,3488490
518,3488840
519,3490571
520,3490880
521,3495777
522,3509512
523,3510466
524,3511032
525,3511933
526,3520478
527,3524943
528,3528281
529,3530059
530,3532584
531,3532658
532,3543308
533,3545336
534,3547982
535,3558180
536,3559514
537,3561982
538,3562782
539,3565599
540,3576188
541,3576505
542,3583633
543,3585276
544,3586648
545,3587270
546,3587555
547,3591740
548,3596565
549,3605734
550,3605921
551,3606280
552,3606971
553,3608028
554,3611944
555,3615738
556,3617390
557,3632065
558,3638723
559,3643208
560,3645586
561,3648236
562,3652060
563,3653040
564,3654515
565,3658373
566,3667122
567,3670697
568,3676886
569,3677856
570,3683003
571,3685558
572,3687891
573,3699151
574,3721531
575,3730093
576,3734018
577,3743401
578,3765321
579,3766339
580,3772796
581,3773703
582,3773825
583,3776990
584,3781121
585,3790291
586,3791166
587,3792294
588,3792716
589,3795015
590,3797287
591,3799674
592,3815481
593,3821659
594,3827924
595,3828362
596,3830864
597,3836937
598,3842467
599,3862627
600,3864018
601,3871145
602,3874582
603,3882592
604,3885439
605,3892761
606,3894681
607,3910542
608,3925509
609,3942939
610,3954121
611,3986795
612,3988138
613,3994230
614,3998452
615,4006382
616,4015415
617,4017322
618,4017469
619,4020081
620,4031196
621,4045141
622,4046320
623,4048010
624,4049422
625,4050490
626,4050716
627,4051956
628,4064299
629,4065289
630,4067397
631,4068514
632,4069522
633,4087368
634,4091340
635,4091878
636,4102376
637,4103151
638,4103767
639,4104053
640,4126429
641,4129360
642,4130478
643,4133589
644,4138736
645,4146100
646,4147778
647,4159153
648,4165747
649,4166864
650,4172505
651,4172742
652,4178516
653,4178748
654,4181424
655,4183900
656,4190900
657,4196297
658,4196496
659,4198891
660,4205972
661,4212338
662,4215569
663,4218895
664,4219185
665,4221841
666,4226366
667,4245519
668,4253506
669,4255759
670,4256546
671,4260069
672,4264155
673,4265460
674,4270804
675,4285331
676,4289380
677,4307642
678,4310966
679,4311813
680,4312310
681,4325222
682,4337705
683,4340628
684,4348229
685,4348764
686,4348857
687,4369906
688,4373779
689,4378819
690,4384687
691,4388072
692,4391934
693,4393183
694,4399424
695,4412719
696,4414904
697,4416516
698,4423531
699,4430398
700,4431728
701,4437192
702,4439327
703,4439748
704,4451614
705,4453419
706,4453507
707,4454106
708,4455656
709,4457651
710,4458433
711,4464962
712,4470333
713,4475206
714,4482853
715,4487395
716,4494296
717,4506814
718,4507304
719,4514241
720,4527653
721,4536504
722,4545132
723,4556548
724,4589871
725,4591716
726,4594697
727,4598690
728,4607463
729,4612019
730,4614061
731,4614083
732,4618675
733,4631427
734,4634546
735,4635176
736,4637441
737,4641511
738,4649233
739,4655674
740,4667062
741,4687523
742,4688469
743,4689506
744,4692862
745,4698670
746,4698896
747,4700251
748,4709448
749,4714769
750,4723540
751,4750567
752,4750702
753,4751714
754,4752949
755,4760295
756,4760409
757,4764321
758,4766054
759,4774041
760,4774503
761,4778924
762,4780912
763,4788065
764,4798528
765,4803343
766,4814870
767,4825625
768,4826120
769,4830136
770,4835388
771,4851104
772,4852309
773,4856393
774,4857147
775,4861195
776,4865334
777,4867819
778,4875276
779,4875772
780,4894516
781,4902290
782,4903145
783,4907677
784,4907794
785,4909066
786,4914327
787,4918632
788,4922997
789,4929459
790,4930150
791,4930471
792,4932085
793,4937826
794,4943298
795,4951361
796,4952261
797,4953922
798,4967545
799,4969043
800,4972862
801,4973168
802,4973314
803,4975478
804,4979484
805,4979598
806,4993492
807,4997007
808,5006784
809,5008403
810,5009339
811,5020334
812,5022318
813,5024514
814,5025007
815,5030358
816,5033391
817,5035914
818,5040143
819,5047330
820,5053937
821,5055204
822,5061468
823,5063774
824,5067209
825,5071934
826,5075982
827,5079101
828,5079580
829,5079958
830,5089175
831,5093084
832,5113924
833,5116752
834,5119467
835,5120209
836,5131153
837,5139219
838,5141296
839,5141641
840,5141948
841,5143782
842,5143802
843,5148571
844,5149993
845,5152611
846,5159718
847,5164283
848,5166793
849,5178239
850,5181373
851,5191628
852,5194432
853,5196266
854,5209782
855,5212984
856,5232356
857,5233420
858,5236487
859,5238215
860,5255638
861,5256654
862,5271551
863,5282535
864,5289761
865,5294753
866,5299443
867,5301620
868,5303779
869,5311706
870,5321081
871,5321433
872,5321971
873,5333225
874,5335532
875,5341051
876,5341859
877,5343993
878,5344937
879,5346551
880,5351545
881,5352290
882,5359999
883,5363389
884,5371072
885,5371722
886,5373236
887,5385360
888,5386936
889,5406446
890,5410366
891,5411663
892,5413725
893,5420612
894,5428299
895,5434260
896,5442569
897,5445023
898,5449305
899,5451232
900,5456924
901,5466126
902,5475701
903,5486339
904,5507409
905,5516412
906,5516914
907,5518996
908,5528456
909,5534284
910,5541461
911,5546450
912,5547390
913,5549145
914,5551718
915,5554619
916,5556611
917,5557144
918,5557716
919,5565710
920,5566876
921,5567322
922,5568046
923,5569554
924,5572088
925,5583661
926,5585292
927,5591026
928,5593482
929,5618018
930,5621383
931,5628106
932,5636559
933,5640366
934,5640486
935,5644814
936,5647314
937,5654884
938,5677279
939,5690463
940,5697218
941,5701173
942,5701691
943,5703813
944,5705298
945,5719385
946,5721958
947,5722625
948,5725601
949,5730561
950,5732619
951,5741683
952,5741933
953,5751272
954,5757222
955,5772433
956,5786069
957,5787945
958,5798709
959,5801432
960,5803205
961,5813103
962,5822664
963,5838777
964,5839492
965,5842115
966,5848780
967,5850750
968,5860401
969,5868918
970,5871089
971,5880159
972,5883687
973,5886850
974,5887502
975,5895671
976,5907906
977,5912666
978,5915012
979,5917568
980,5920720
981,5923849
982,5929692
983,5938635
984,5944629
985,5946823
986,5947758
987,5957196
988,5958472
989,5959959
990,5965064
991,5967179
992,5968903
993,5969102
994,5977808
995,5980900
996,5992433
997,5992457
998,6000667
999,6002517
1000,6003559
1001,6004422
1002,6013996
1003,6017674
1004,6022676
0,1034142
1,1075387
2,1078325
3,1105694
4,1127342
5,1134097
6,1157153
7,1215795
8,1226634
9,1281612
10,1318369
11,1328143
12,1345071
13,1355903
14,1365870
15,1371946
16,1413077
17,1413567
18,1416939
19,1456439
20,1458642
21,1480588
22,1551514
23,1574667
24,1593922
25,1606672
26,1707294
27,1719454
28,1731543
29,1772478
30,1797652
31,1812884
32,1822044
33,1837387
34,1843184
35,1862895
36,1864088
37,1864472
38,1892330
39,1923429
40,1972043
41,1980398
42,2053156
43,2056586
44,2070566
45,2122327
46,2138076
47,2148804
48,2157506
49,2191974
50,2192533
51,2216071
52,2239389
53,2402988
54,2466636
55,2478639
56,2507984
57,2518117
58,2540530
59,2558399
60,2589981
61,2664089
62,2733732
63,2742457
64,2753030
65,2778546
66,2787447
67,2804983
68,2848243
69,2904003
70,2974161
71,2985942
72,2997291
73,3019266
74,3021858
75,3031725
76,3057884
77,3073776
78,3076720
79,3188412
80,3220006
81,3231677
82,3272291
83,3303931
84,3313700
85,3331750
86,3357293
87,3374347
88,3410113
89,3423353
90,3426604
91,3456709
92,3457071
93,3511032
94,3513632
95,3521555
96,3523643
97,3557115
98,3568542
99,3604601
100,3619696
101,3628616
102,3636747
103,3648011
104,3655207
105,3685558
106,3721479
107,3781897
108,3814561
109,3864066
110,3888484
111,3917229
112,3961599
113,3995829
114,4017057
115,4067243
116,4123413
117,4160504
118,4161844
119,4205325
120,4323666
121,4342338
122,4352094
123,4363256
124,4367060
125,4369897
126,4413008
127,4431209
128,4468790
129,4500681
130,4522523
131,4529740
132,4559571
133,4570478
134,4642810
135,4650167
136,4678771
137,4708224
138,4709542
139,4740737
140,4792750
141,4803941
142,4850359
143,4875772
144,4888986
145,4900538
146,4901428
147,4913041
148,4956440
149,4994567
150,5016820
151,5019611
152,5099266
153,5099575
154,5117358
155,5123371
156,5174313
157,5202102
158,5282712
159,5288039
160,5296954
161,5305832
162,5307733
163,5328073
164,5334432
165,5391854
166,5392911
167,5394018
168,5411226
169,5428869
170,5442158
171,5487978
172,5489335
173,5511958
174,5541461
175,5544402
176,5548246
177,5557983
178,5559015
179,5562844
180,5564034
181,5565439
182,5572618
183,5625392
184,5662513
185,5722234
186,5760566
187,5766718
188,5777277
189,5814192
190,5836766
191,5877139
192,5883660
193,5908189
194,5926646
195,5963388
196,5993794
197,5994846
198,6024256
0,1112721
1,1158096
2,1162608
3,1173942
4,1268786
5,1272985
6,1313482
7,1324995
8,1326745
9,1407288
10,1418783
11,1420133
12,1450851
13,1557244
14,1578011
15,1612075
16,1639758
17,1723645
18,1768058
19,1817406
20,1853468
21,1899853
22,1997726
23,1998583
24,2007014
25,2064609
26,2069319
27,2109192
28,2120241
29,2143598
30,2164212
31,2180808
32,2185521
33,2199932
34,2203905
35,2206946
36,2217687
37,2233993
38,2260236
39,2297784
40,2304189
41,2407346
42,2409859
43,2415689
44,2427648
45,2439093
46,2445645
47,2468384
48,2477137
49,2499772
50,2515237
51,2572807
52,2596260
53,2603666
54,2603770
55,2621875
56,2630516
57,2634442
58,2683293
59,2688424
60,2694773
61,2750785
62,2759088
63,2774794
64,2828875
65,2846898
66,2888596
67,3007389
68,3122518
69,3126539
70,3130463
71,3146558
72,3179325
73,3217645
74,3234683
75,3251876
76,3367331
77,3367603
78,3377641
79,3426604
80,3484629
81,3523862
82,3529629
83,3537361
84,3557203
85,3570938
86,3574669
87,3593604
88,3662881
89,3678786
90,3693351
91,3699992
92,3706681
93,3722180
94,3734047
95,3743926
96,3767053
97,3768726
98,3773703
99,3780947
100,3818922
101,3847287
102,3847984
103,3882592
104,3896518
105,3934422
106,3953407
107,3993058
108,4002875
109,4030236
110,4031196
111,4047107
112,4069375
113,4104733
114,4133552
115,4163965
116,4172505
117,4194025
118,4238364
119,4348764
120,4350060
121,4446179
122,4458350
123,4463554
124,4500681
125,4537311
126,4649319
127,4705010
128,4713730
129,4750702
130,4754927
131,4807248
132,4894748
133,4963682
134,4992591
135,5025817
136,5047921
137,5150369
138,5197592
139,5232356
140,5281492
141,5375885
142,5405409
143,5415132
144,5457875
145,5475744
146,5481944
147,5489335
148,5591915
149,5595296
150,5595560
151,5625652
152,5659775
153,5676689
154,5680935
155,5695222
156,5760755
157,5811197
158,5836409
159,5838193
160,5842115
161,5889636
162,6010308
0,1002024
1,1033492
2,1065811
3,1065904
4,1082301
5,1100150
6,1104018
7,1105849
8,1210845
9,1229119
10,1386430
11,1416594
12,1421127
13,1462104
14,1515524
15,1567996
16,1598669
17,1647403
18,1729772
19,1764921
20,1783003
21,1784376
22,1792282
23,1793663
24,1803157
25,1875876
26,1889444
27,1891913
28,1893747
29,1998583
30,2018852
31,2029143
32,2040372
33,2040640
34,2058201
35,2112218
36,2134087
37,2140421
38,2140486
39,2143598
40,2151819
41,2206122
42,2210320
43,2239375
44,2263890
45,2315277
46,2364792
47,2377718
48,2405007
49,2407352
50,2415449
51,2419849
52,2455632
53,2457706
54,2461896
55,2484519
56,2521403
57,2620953
58,2636922
59,2638972
60,2640926
61,2653426
62,2663332
63,2678310
64,2765867
65,2901903
66,2902809
67,2986253
68,3047608
69,3097186
70,3137098
71,3158047
72,3188203
73,3189214
74,3207596
75,3216178
76,3334855
77,3450355
78,3475814
79,3488840
80,3540063
81,3571285
82,3659086
83,3683315
84,3706681
85,3756676
86,3776249
87,3791977
88,3830864
89,3836937
90,3842853
91,3932961
92,3974336
93,4018943
94,4038391
95,4039752
96,4054320
97,4079988
98,4162435
99,4193084
100,4266455
101,4335486
102,4393903
103,4501149
104,4516145
105,4516417
106,4539214
107,4547260
108,4561112
109,4565771
110,4620099
111,4641332
112,4721675
113,4748680
114,4827138
115,4829050
116,4893218
117,4895529
118,4957911
119,5006731
120,5042296
121,5044051
122,5067209
123,5112914
124,5159823
125,5161344
126,5170648
127,5187549
128,5216165
129,5256147
130,5285403
131,5294082
132,5301643
133,5314547
134,5397114
135,5409404
136,5429279
137,5450025
138,5489257
139,5509065
140,5537880
141,5610275
142,5615413
143,5638658
144,5644077
145,5645647
146,5648784
147,5696505
148,5728159
149,5747953
150,5768206
151,5846256
152,5933085
153,5959982
154,6004422
